{"stats":{"minecraft:killed":{"minecraft:pig":8,"minecraft:skeleton":5,"minecraft:sheep":2,"minecraft:zombie":12,"minecraft:chicken":1},"minecraft:picked_up":{"minecraft:birch_log":56,"minecraft:magma_block":1,"minecraft:crafting_table":6,"minecraft:feather":1,"minecraft:chicken":1,"minecraft:glow_ink_sac":2,"minecraft:andesite":58,"minecraft:smoker":1,"minecraft:tuff":2,"minecraft:oak_log":5,"minecraft:cobblestone_stairs":12,"minecraft:dirt":13,"minecraft:lapis_lazuli":106,"minecraft:raw_copper":26,"minecraft:cooked_mutton":1,"minecraft:bone":3,"minecraft:wheat_seeds":1,"minecraft:cobbled_deepslate":5,"minecraft:birch_sapling":2,"minecraft:furnace":7,"minecraft:stick":3,"minecraft:raw_iron":151,"minecraft:gravel":6,"minecraft:porkchop":18,"minecraft:diorite":104,"minecraft:white_bed":1,"minecraft:arrow":6,"minecraft:rotten_flesh":7,"minecraft:hay_block":46,"minecraft:granite":41,"minecraft:mutton":7,"minecraft:coal":243,"minecraft:white_wool":2,"minecraft:cobblestone":1139},"minecraft:crafted":{"minecraft:smooth_stone":6,"minecraft:oak_planks":20,"vanillaplustools:stone_hammer":2,"minecraft:cooked_porkchop":18,"minecraft:crafting_table":1,"minecraft:wooden_pickaxe":1,"minecraft:iron_helmet":1,"minecraft:cooked_chicken":1,"spartanshields:wooden_tower_shield":1,"minecraft:iron_sword":1,"minecraft:furnace":4,"minecraft:blast_furnace":2,"minecraft:stone":6,"minecraft:birch_planks":116,"minecraft:stone_axe":1,"spartanshields:stone_tower_shield":1,"minecraft:cooked_mutton":3,"minecraft:air":0,"spartanshields:iron_basic_shield":1,"minecraft:iron_boots":1,"minecraft:iron_chestplate":1,"minecraft:stick":52,"minecraft:iron_ingot":40,"minecraft:stone_pickaxe":21,"minecraft:stone_sword":1,"minecraft:iron_leggings":1,"spartanshields:wooden_basic_shield":1,"minecraft:stone_hoe":1,"minecraft:smoker":1},"minecraft:broken":{"minecraft:stone_pickaxe":2,"vanillaplustools:stone_hammer":1},"minecraft:mined":{"minecraft:tuff":2,"minecraft:white_bed":1,"minecraft:smoker":1,"minecraft:cobblestone_stairs":3,"minecraft:cornflower":7,"minecraft:crafting_table":6,"minecraft:granite":36,"minecraft:grass_block":5,"minecraft:copper_ore":14,"minecraft:cobblestone":15,"minecraft:lapis_ore":7,"minecraft:diorite":107,"minecraft:hay_block":47,"minecraft:magma_block":1,"minecraft:furnace":5,"minecraft:birch_log":56,"minecraft:iron_ore":143,"minecraft:andesite":57,"minecraft:birch_leaves":6,"minecraft:deepslate_lapis_ore":10,"minecraft:grass":9,"minecraft:oak_log":5,"minecraft:coal_ore":61,"minecraft:deepslate_iron_ore":9,"minecraft:gravel":8,"minecraft:dirt":11,"minecraft:stone":1210,"minecraft:deepslate":7},"minecraft:custom":{"minecraft:interact_with_furnace":43,"minecraft:mob_kills":28,"minecraft:interact_with_crafting_table":29,"minecraft:leave_game":2,"minecraft:time_since_death":93605,"minecraft:sleep_in_bed":1,"minecraft:time_since_rest":5051,"minecraft:sprint_one_cm":164134,"minecraft:damage_taken":650,"minecraft:walk_one_cm":148102,"minecraft:damage_blocked_by_shield":820,"minecraft:drop":34,"minecraft:damage_dealt":4196,"minecraft:swim_one_cm":10982,"minecraft:fly_one_cm":167357,"minecraft:crouch_one_cm":24735,"minecraft:play_time":93605,"minecraft:sneak_time":9740,"minecraft:walk_under_water_one_cm":7485,"minecraft:jump":1222,"minecraft:interact_with_blast_furnace":5,"minecraft:walk_on_water_one_cm":18285,"minecraft:total_world_time":93605,"minecraft:interact_with_smoker":7,"minecraft:fall_one_cm":25771},"minecraft:used":{"minecraft:cooked_mutton":4,"minecraft:diorite":51,"minecraft:stone_sword":38,"minecraft:stone_pickaxe":356,"minecraft:wooden_pickaxe":11,"minecraft:stone_hoe":53,"minecraft:iron_sword":53,"vanillaplustools:stone_hammer":164,"minecraft:cooked_chicken":1,"minecraft:crafting_table":7,"minecraft:blast_furnace":2,"minecraft:white_bed":1,"spartanshields:stone_tower_shield":21,"minecraft:smoker":1,"minecraft:stone_axe":65,"minecraft:cobblestone":443,"minecraft:furnace":6,"minecraft:cooked_porkchop":7},"minecraft:dropped":{"minecraft:furnace":2,"minecraft:stone_sword":1,"minecraft:raw_copper":26,"minecraft:birch_sapling":2,"minecraft:feather":1,"minecraft:cobblestone":247,"minecraft:oak_planks":1,"minecraft:granite":39,"minecraft:cobblestone_stairs":12,"minecraft:dirt":13,"minecraft:diorite":52,"minecraft:andesite":54,"minecraft:wooden_pickaxe":1,"minecraft:bone":3}},"DataVersion":2975}