{"stats":{"minecraft:used":{"minecraft:stone_sword":38,"minecraft:iron_shovel":1,"minecraft:flint_and_steel":2,"minecraft:chest":4,"minecraft:iron_sword":194,"vanillaplustools:stone_hammer":1440,"minecraft:cooked_chicken":1,"minecraft:stone_hoe":85,"minecraft:netherrack":13,"minecraft:oak_door":4,"minecraft:torch":39,"minecraft:dirt":7,"minecraft:nether_bricks":15,"minecraft:golden_shovel":32,"minecraft:obsidian":12,"minecraft:tuff":5,"minecraft:granite":6,"minecraft:birch_door":9,"minecraft:iron_axe":46,"minecraft:basalt":28,"minecraft:magma_block":9,"minecraft:diamond_chestplate":1,"spartanshields:iron_basic_shield":36,"minecraft:furnace":7,"minecraft:egg":1,"minecraft:cobbled_deepslate":861,"minecraft:cooked_mutton":4,"minecraft:water_bucket":24,"minecraft:diorite":51,"minecraft:stone_pickaxe":364,"minecraft:blackstone":8,"minecraft:wooden_pickaxe":11,"minecraft:polished_blackstone_bricks":3,"minecraft:glow_berries":8,"minecraft:sand":6,"spartanshields:diamond_basic_shield":33,"minecraft:blast_furnace":9,"minecraft:crafting_table":17,"minecraft:white_bed":2,"spartanshields:stone_tower_shield":21,"minecraft:warped_planks":10,"minecraft:smoker":1,"minecraft:oak_log":1,"minecraft:diamond_pickaxe":280,"minecraft:cracked_polished_blackstone_bricks":6,"minecraft:bread":73,"minecraft:iron_pickaxe":375,"minecraft:gravel":22,"minecraft:stone_axe":72,"minecraft:diamond_sword":78,"travelersbackpack:standard":10,"minecraft:cobblestone":621,"vanillaplustools:iron_hammer":750,"minecraft:andesite":4,"minecraft:cooked_porkchop":18,"minecraft:bucket":32,"minecraft:oak_boat":6},"minecraft:mined":{"minecraft:tuff":1357,"minecraft:white_bed":2,"minecraft:deepslate_diamond_ore":63,"minecraft:cobblestone_stairs":3,"minecraft:nether_bricks":18,"minecraft:glow_lichen":1,"minecraft:obsidian":14,"minecraft:granite":99,"minecraft:grass_block":7,"minecraft:cracked_polished_blackstone_bricks":6,"minecraft:weeping_vines":2,"minecraft:spruce_leaves":6,"minecraft:spawner":2,"minecraft:hay_block":78,"minecraft:polished_blackstone_bricks":8,"minecraft:weeping_vines_plant":2,"minecraft:redstone_ore":4,"minecraft:magma_block":10,"minecraft:furnace":6,"minecraft:iron_ore":209,"minecraft:fire":2,"minecraft:cobbled_deepslate":19,"minecraft:andesite":65,"minecraft:deepslate_lapis_ore":28,"minecraft:gold_block":12,"minecraft:deepslate_iron_ore":98,"minecraft:warped_stem":6,"minecraft:stone":1911,"minecraft:deepslate_redstone_ore":146,"minecraft:blackstone":10,"minecraft:smoker":2,"minecraft:basalt":45,"minecraft:cornflower":7,"travelersbackpack:standard":3,"minecraft:crafting_table":13,"minecraft:torch":1,"minecraft:blast_furnace":9,"minecraft:chest":2,"minecraft:copper_ore":20,"minecraft:tall_grass":3,"minecraft:cobblestone":18,"minecraft:deepslate_gold_ore":121,"minecraft:lapis_ore":12,"minecraft:sugar_cane":2,"minecraft:diorite":125,"minecraft:deepslate_copper_ore":3,"minecraft:warped_planks":3,"minecraft:birch_log":56,"minecraft:birch_leaves":6,"minecraft:birch_door":8,"minecraft:grass":14,"minecraft:coal_ore":87,"minecraft:oak_log":69,"minecraft:gravel":34,"minecraft:dirt":23,"minecraft:sand":64,"minecraft:cobweb":1,"minecraft:smooth_basalt":21,"minecraft:stone_bricks":1,"minecraft:netherrack":15,"minecraft:gold_ore":4,"minecraft:oak_leaves":1,"minecraft:deepslate":15432},"minecraft:broken":{"vanillaplustools:iron_hammer":3,"minecraft:golden_shovel":1,"minecraft:stone_pickaxe":2,"vanillaplustools:stone_hammer":11,"minecraft:iron_pickaxe":1},"minecraft:killed_by":{"minecraft:player":1,"minecraft:piglin_brute":1,"minecraft:blaze":1},"minecraft:picked_up":{"minecraft:crafting_table":14,"minecraft:birch_door":12,"minecraft:chicken":1,"minecraft:diamond_sword":2,"minecraft:gold_block":12,"minecraft:potion":2,"spartanshields:diamond_basic_shield":1,"minecraft:string":2,"minecraft:cooked_salmon":4,"minecraft:raw_copper":78,"minecraft:iron_axe":1,"spartanshields:stone_tower_shield":1,"minecraft:blackstone":9,"minecraft:diamond_leggings":2,"minecraft:cobbled_deepslate":6519,"minecraft:beef":15,"minecraft:oak_boat":4,"minecraft:iron_pickaxe":1,"minecraft:chest":2,"minecraft:sugar_cane":1,"minecraft:birch_sapling":2,"minecraft:furnace":8,"minecraft:egg":3,"minecraft:raw_iron":315,"minecraft:stick":15,"minecraft:oak_door":1,"minecraft:torch":93,"minecraft:porkchop":18,"minecraft:polished_blackstone_bricks":6,"minecraft:diorite":124,"minecraft:warped_planks":3,"minecraft:redstone":758,"minecraft:tnt":1,"minecraft:rotten_flesh":22,"minecraft:arrow":13,"minecraft:weeping_vines":3,"minecraft:diamond_chestplate":2,"minecraft:cooked_cod":2,"minecraft:nether_bricks":18,"minecraft:diamond_boots":2,"minecraft:hay_block":78,"minecraft:gold_ingot":6,"minecraft:white_wool":3,"minecraft:mutton":7,"minecraft:obsidian":16,"minecraft:cobblestone":2378,"minecraft:birch_log":56,"minecraft:magma_block":11,"minecraft:leather_chestplate":1,"minecraft:feather":1,"minecraft:basalt":42,"minecraft:glow_ink_sac":4,"minecraft:water_bucket":2,"minecraft:andesite":70,"spartanshields:iron_basic_shield":2,"minecraft:leather":11,"minecraft:smoker":2,"minecraft:birch_planks":2,"minecraft:filled_map":2,"minecraft:flint":1,"minecraft:tuff":992,"minecraft:oak_log":69,"minecraft:cobblestone_stairs":12,"minecraft:lapis_lazuli":265,"minecraft:dirt":28,"minecraft:cooked_mutton":1,"minecraft:glass":9,"minecraft:bone":3,"minecraft:stone_bricks":2,"minecraft:kelp":14,"minecraft:wheat_seeds":1,"minecraft:warped_stem":6,"minecraft:raw_gold":133,"minecraft:heart_of_the_sea":1,"minecraft:stone_pickaxe":1,"minecraft:iron_ingot":12,"minecraft:diamond_helmet":1,"minecraft:oak_planks":28,"minecraft:stone_hoe":1,"travelersbackpack:blank_upgrade":2,"minecraft:smooth_basalt":18,"minecraft:gravel":36,"minecraft:sand":41,"minecraft:blast_furnace":9,"minecraft:white_bed":2,"minecraft:spider_eye":1,"travelersbackpack:standard":3,"minecraft:slime_ball":3,"minecraft:diamond":72,"minecraft:stone_axe":1,"minecraft:cracked_polished_blackstone_bricks":6,"minecraft:granite":153,"minecraft:bread":21,"minecraft:emerald":5,"minecraft:oak_sapling":2,"minecraft:netherrack":15,"minecraft:coal":355,"minecraft:diamond_pickaxe":2},"minecraft:killed":{"minecraft:cave_spider":1,"minecraft:spider":5,"minecraft:slime":5,"minecraft:skeleton":14,"minecraft:chicken":1,"minecraft:drowned":1,"minecraft:piglin_brute":2,"minecraft:magma_cube":9,"minecraft:piglin":5,"minecraft:pig":8,"minecraft:zombie_villager":1,"minecraft:hoglin":1,"minecraft:sheep":3,"minecraft:zombie":26,"minecraft:enderman":1,"minecraft:cow":11},"minecraft:crafted":{"minecraft:oak_door":3,"minecraft:smooth_stone":6,"minecraft:oak_planks":134,"vanillaplustools:stone_hammer":11,"travelersbackpack:crafting_upgrade":1,"spartanshields:wooden_tower_shield":1,"minecraft:cooked_chicken":1,"minecraft:furnace":5,"minecraft:blast_furnace":2,"minecraft:stone":6,"spartanshields:diamond_basic_shield":1,"spartanshields:stone_tower_shield":1,"travelersbackpack:blank_upgrade":4,"travelersbackpack:gold_tier_upgrade":1,"minecraft:cooked_mutton":3,"minecraft:flint_and_steel":1,"spartanshields:iron_basic_shield":2,"minecraft:warped_planks":8,"minecraft:glass":18,"vanillaplustools:iron_hammer":3,"minecraft:diamond_helmet":2,"minecraft:diamond_leggings":2,"minecraft:iron_boots":1,"minecraft:iron_axe":2,"minecraft:stone_pickaxe":103,"minecraft:chest":4,"minecraft:diamond_boots":2,"minecraft:birch_door":3,"minecraft:stone_hoe":1,"travelersbackpack:diamond_tier_upgrade":1,"minecraft:smoker":1,"minecraft:golden_boots":1,"minecraft:wheat":702,"travelersbackpack:iron_tier_upgrade":1,"minecraft:diamond_sword":3,"minecraft:cooked_porkchop":18,"minecraft:crafting_table":7,"travelersbackpack:backpack_tank":4,"minecraft:iron_helmet":2,"minecraft:wooden_pickaxe":1,"travelersbackpack:standard":2,"minecraft:iron_sword":2,"minecraft:golden_shovel":1,"minecraft:bucket":2,"travelersbackpack:blue_sleeping_bag":1,"minecraft:birch_planks":208,"minecraft:stone_axe":1,"minecraft:air":0,"minecraft:bread":242,"minecraft:blue_dye":2,"minecraft:oak_boat":5,"minecraft:iron_chestplate":2,"minecraft:diamond_pickaxe":2,"minecraft:stick":324,"minecraft:iron_ingot":330,"minecraft:iron_pickaxe":30,"minecraft:iron_block":11,"minecraft:stone_sword":1,"minecraft:blue_wool":2,"minecraft:gold_ingot":115,"minecraft:iron_shovel":1,"minecraft:iron_leggings":1,"spartanshields:wooden_basic_shield":3,"minecraft:torch":56,"minecraft:diamond_chestplate":2},"minecraft:dropped":{"minecraft:iron_ingot":32,"minecraft:bread":55,"minecraft:birch_planks":2,"minecraft:diamond":2,"minecraft:feather":1,"minecraft:cobblestone":501,"minecraft:granite":39,"minecraft:cobblestone_stairs":12,"minecraft:stick":4,"minecraft:dirt":21,"minecraft:diorite":62,"minecraft:torch":25,"travelersbackpack:blank_upgrade":1,"minecraft:iron_shovel":1,"minecraft:redstone":768,"minecraft:bone":3,"minecraft:gold_ingot":21,"minecraft:smooth_basalt":18,"minecraft:furnace":2,"minecraft:sugar_cane":1,"minecraft:stone_sword":1,"minecraft:cobbled_deepslate":4298,"minecraft:raw_copper":30,"minecraft:tuff":772,"minecraft:birch_sapling":2,"minecraft:obsidian":2,"minecraft:rotten_flesh":4,"minecraft:oak_planks":3,"minecraft:filled_map":1,"minecraft:diamond_pickaxe":1,"minecraft:andesite":58,"minecraft:oak_sapling":1,"minecraft:slime_ball":3,"minecraft:beef":15,"minecraft:wooden_pickaxe":1,"minecraft:magma_block":1,"minecraft:egg":2},"minecraft:custom":{"minecraft:interact_with_smithing_table":7,"minecraft:mob_kills":95,"minecraft:interact_with_crafting_table":108,"minecraft:climb_one_cm":379,"minecraft:leave_game":5,"minecraft:time_since_death":14221,"minecraft:sprint_one_cm":762643,"minecraft:damage_blocked_by_shield":3090,"minecraft:walk_one_cm":819417,"minecraft:drop":338,"minecraft:talked_to_villager":2,"minecraft:play_time":476652,"minecraft:sneak_time":33194,"minecraft:deaths":7,"minecraft:walk_under_water_one_cm":73989,"minecraft:boat_one_cm":467427,"minecraft:jump":6313,"minecraft:interact_with_blast_furnace":46,"minecraft:walk_on_water_one_cm":77170,"minecraft:total_world_time":476652,"minecraft:interact_with_furnace":51,"spartanshields:shield_bash_hits":1,"minecraft:sleep_in_bed":7,"minecraft:time_since_rest":14248,"minecraft:damage_taken":5736,"minecraft:damage_dealt":14695,"minecraft:swim_one_cm":196529,"minecraft:fly_one_cm":973473,"minecraft:crouch_one_cm":55839,"minecraft:open_chest":73,"minecraft:interact_with_smoker":7,"minecraft:fall_one_cm":153147}},"DataVersion":2975}