{"stats":{"minecraft:killed":{"minecraft:spider":1,"minecraft:slime":5,"minecraft:skeleton":6,"minecraft:chicken":1,"minecraft:pig":8,"minecraft:zombie_villager":1,"minecraft:sheep":2,"minecraft:zombie":15,"minecraft:cow":4},"minecraft:picked_up":{"minecraft:crafting_table":7,"minecraft:chicken":1,"minecraft:raw_copper":30,"minecraft:cobbled_deepslate":313,"minecraft:beef":6,"minecraft:chest":1,"minecraft:birch_sapling":2,"minecraft:furnace":7,"minecraft:raw_iron":207,"minecraft:stick":3,"minecraft:porkchop":18,"minecraft:diorite":107,"minecraft:redstone":210,"minecraft:arrow":6,"minecraft:rotten_flesh":7,"minecraft:hay_block":78,"minecraft:mutton":7,"minecraft:cobblestone":1259,"minecraft:white_wool":2,"minecraft:birch_log":56,"minecraft:magma_block":1,"minecraft:feather":1,"minecraft:glow_ink_sac":2,"minecraft:andesite":58,"minecraft:leather":4,"minecraft:smoker":2,"minecraft:tuff":68,"minecraft:oak_log":6,"minecraft:cobblestone_stairs":12,"minecraft:lapis_lazuli":106,"minecraft:dirt":13,"minecraft:cooked_mutton":1,"minecraft:bone":3,"minecraft:wheat_seeds":1,"minecraft:raw_gold":6,"minecraft:iron_ingot":3,"minecraft:oak_planks":1,"minecraft:gravel":6,"minecraft:sand":27,"minecraft:blast_furnace":2,"minecraft:white_bed":2,"minecraft:slime_ball":3,"minecraft:diamond":8,"minecraft:granite":47,"minecraft:coal":274},"minecraft:crafted":{"minecraft:oak_planks":24,"minecraft:smooth_stone":6,"vanillaplustools:stone_hammer":2,"minecraft:cooked_chicken":1,"spartanshields:wooden_tower_shield":1,"minecraft:furnace":4,"minecraft:blast_furnace":2,"minecraft:stone":6,"spartanshields:stone_tower_shield":1,"minecraft:cooked_mutton":3,"spartanshields:iron_basic_shield":1,"vanillaplustools:iron_hammer":1,"minecraft:iron_boots":1,"minecraft:iron_axe":1,"minecraft:stone_pickaxe":21,"minecraft:chest":2,"minecraft:stone_hoe":1,"minecraft:smoker":1,"minecraft:wheat":702,"minecraft:cooked_porkchop":18,"minecraft:crafting_table":2,"minecraft:iron_helmet":1,"minecraft:wooden_pickaxe":1,"minecraft:iron_sword":1,"minecraft:bucket":1,"minecraft:birch_planks":116,"minecraft:stone_axe":1,"minecraft:bread":234,"minecraft:air":0,"minecraft:iron_chestplate":1,"minecraft:stick":76,"minecraft:iron_ingot":148,"minecraft:iron_pickaxe":11,"minecraft:stone_sword":1,"minecraft:iron_block":8,"minecraft:iron_leggings":1,"spartanshields:wooden_basic_shield":1},"minecraft:broken":{"minecraft:stone_pickaxe":2,"vanillaplustools:stone_hammer":2},"minecraft:custom":{"minecraft:mob_kills":43,"minecraft:interact_with_crafting_table":38,"minecraft:leave_game":2,"minecraft:time_since_death":129605,"minecraft:sprint_one_cm":245200,"minecraft:walk_one_cm":240944,"minecraft:damage_blocked_by_shield":1000,"minecraft:drop":41,"minecraft:play_time":129605,"minecraft:sneak_time":9917,"minecraft:walk_under_water_one_cm":9331,"minecraft:jump":1678,"minecraft:interact_with_blast_furnace":7,"minecraft:walk_on_water_one_cm":24366,"minecraft:total_world_time":129605,"minecraft:interact_with_furnace":43,"minecraft:sleep_in_bed":2,"minecraft:time_since_rest":25546,"minecraft:damage_taken":1036,"minecraft:damage_dealt":5887,"minecraft:swim_one_cm":10982,"minecraft:fly_one_cm":218127,"minecraft:open_chest":6,"minecraft:crouch_one_cm":25211,"minecraft:interact_with_smoker":7,"minecraft:fall_one_cm":34737},"minecraft:mined":{"minecraft:tuff":177,"minecraft:white_bed":2,"minecraft:deepslate_diamond_ore":8,"minecraft:cobblestone_stairs":3,"minecraft:granite":45,"minecraft:grass_block":5,"minecraft:hay_block":78,"minecraft:magma_block":1,"minecraft:redstone_ore":4,"minecraft:furnace":5,"minecraft:iron_ore":196,"minecraft:andesite":57,"minecraft:deepslate_lapis_ore":11,"minecraft:deepslate_iron_ore":13,"minecraft:stone":1348,"minecraft:deepslate_redstone_ore":45,"minecraft:smoker":2,"minecraft:crafting_table":7,"minecraft:cornflower":7,"minecraft:blast_furnace":2,"minecraft:chest":1,"minecraft:cobblestone":17,"minecraft:copper_ore":16,"minecraft:deepslate_gold_ore":6,"minecraft:lapis_ore":7,"minecraft:diorite":110,"minecraft:birch_log":56,"minecraft:birch_leaves":6,"minecraft:grass":10,"minecraft:coal_ore":61,"minecraft:oak_log":6,"minecraft:dirt":11,"minecraft:gravel":9,"minecraft:sand":27,"minecraft:deepslate":2014},"minecraft:used":{"minecraft:stone_sword":38,"minecraft:chest":3,"minecraft:iron_sword":88,"vanillaplustools:stone_hammer":261,"minecraft:stone_hoe":85,"minecraft:cooked_chicken":1,"minecraft:granite":6,"spartanshields:iron_basic_shield":6,"minecraft:furnace":6,"minecraft:cobbled_deepslate":12,"minecraft:cooked_mutton":4,"minecraft:water_bucket":5,"minecraft:diorite":51,"minecraft:stone_pickaxe":359,"minecraft:wooden_pickaxe":11,"minecraft:crafting_table":8,"minecraft:blast_furnace":2,"minecraft:white_bed":2,"spartanshields:stone_tower_shield":21,"minecraft:smoker":1,"minecraft:iron_pickaxe":66,"minecraft:stone_axe":66,"minecraft:cobblestone":475,"vanillaplustools:iron_hammer":182,"minecraft:cooked_porkchop":12,"minecraft:bucket":6},"minecraft:dropped":{"minecraft:feather":1,"minecraft:cobblestone":274,"minecraft:granite":39,"minecraft:cobblestone_stairs":12,"minecraft:dirt":13,"minecraft:diorite":55,"minecraft:bone":3,"minecraft:furnace":2,"minecraft:stone_sword":1,"minecraft:cobbled_deepslate":42,"minecraft:raw_copper":30,"minecraft:tuff":5,"minecraft:birch_sapling":2,"minecraft:oak_planks":2,"minecraft:andesite":54,"minecraft:wooden_pickaxe":1}},"DataVersion":2975}