{"stats":{"minecraft:crafted":{"minecraft:oak_planks":24,"minecraft:smooth_stone":6,"vanillaplustools:stone_hammer":3,"spartanshields:wooden_tower_shield":1,"minecraft:cooked_chicken":1,"minecraft:furnace":5,"minecraft:blast_furnace":2,"minecraft:stone":6,"spartanshields:stone_tower_shield":1,"minecraft:cooked_mutton":3,"spartanshields:iron_basic_shield":1,"minecraft:glass":18,"vanillaplustools:iron_hammer":2,"minecraft:iron_boots":1,"minecraft:iron_axe":1,"minecraft:stone_pickaxe":30,"minecraft:chest":2,"minecraft:stone_hoe":1,"minecraft:smoker":1,"minecraft:wheat":702,"minecraft:cooked_porkchop":18,"minecraft:crafting_table":2,"travelersbackpack:backpack_tank":2,"minecraft:wooden_pickaxe":1,"minecraft:iron_helmet":1,"minecraft:iron_sword":1,"travelersbackpack:blue_sleeping_bag":1,"minecraft:bucket":1,"minecraft:birch_planks":116,"minecraft:stone_axe":1,"minecraft:bread":234,"minecraft:air":0,"minecraft:blue_dye":2,"minecraft:iron_chestplate":1,"minecraft:stick":116,"minecraft:iron_ingot":212,"minecraft:iron_pickaxe":20,"minecraft:stone_sword":1,"minecraft:iron_block":11,"minecraft:blue_wool":2,"minecraft:gold_ingot":27,"minecraft:iron_leggings":1,"spartanshields:wooden_basic_shield":1},"minecraft:used":{"minecraft:stone_sword":38,"minecraft:chest":3,"minecraft:iron_sword":99,"vanillaplustools:stone_hammer":392,"minecraft:cooked_chicken":1,"minecraft:stone_hoe":85,"minecraft:tuff":3,"minecraft:granite":6,"spartanshields:iron_basic_shield":14,"minecraft:furnace":7,"minecraft:cobbled_deepslate":111,"minecraft:cooked_mutton":4,"minecraft:water_bucket":9,"minecraft:diorite":51,"minecraft:stone_pickaxe":359,"minecraft:wooden_pickaxe":11,"minecraft:crafting_table":9,"minecraft:blast_furnace":6,"minecraft:white_bed":2,"spartanshields:stone_tower_shield":21,"minecraft:smoker":1,"minecraft:iron_pickaxe":278,"minecraft:stone_axe":66,"minecraft:cobblestone":532,"vanillaplustools:iron_hammer":500,"minecraft:cooked_porkchop":15,"minecraft:bucket":10},"minecraft:killed":{"minecraft:spider":1,"minecraft:slime":5,"minecraft:skeleton":8,"minecraft:chicken":1,"minecraft:pig":8,"minecraft:zombie_villager":1,"minecraft:sheep":3,"minecraft:zombie":15,"minecraft:cow":4},"minecraft:custom":{"minecraft:mob_kills":46,"minecraft:interact_with_crafting_table":56,"minecraft:leave_game":2,"minecraft:time_since_death":177434,"minecraft:sprint_one_cm":294215,"minecraft:walk_one_cm":342268,"minecraft:damage_blocked_by_shield":1220,"minecraft:drop":101,"minecraft:play_time":177434,"minecraft:sneak_time":10229,"minecraft:walk_under_water_one_cm":9331,"minecraft:jump":2122,"minecraft:interact_with_blast_furnace":24,"minecraft:walk_on_water_one_cm":25602,"minecraft:total_world_time":177434,"minecraft:interact_with_furnace":50,"minecraft:sleep_in_bed":3,"minecraft:time_since_rest":6983,"minecraft:damage_taken":1069,"minecraft:damage_dealt":6337,"minecraft:swim_one_cm":10982,"minecraft:fly_one_cm":254883,"minecraft:open_chest":17,"minecraft:crouch_one_cm":26142,"minecraft:interact_with_smoker":7,"minecraft:fall_one_cm":39308},"minecraft:broken":{"vanillaplustools:iron_hammer":2,"minecraft:stone_pickaxe":2,"vanillaplustools:stone_hammer":3,"minecraft:iron_pickaxe":1},"minecraft:dropped":{"minecraft:feather":1,"minecraft:cobblestone":501,"minecraft:granite":39,"minecraft:stick":4,"minecraft:cobblestone_stairs":12,"minecraft:dirt":21,"minecraft:diorite":62,"minecraft:redstone":768,"minecraft:bone":3,"minecraft:furnace":2,"minecraft:stone_sword":1,"minecraft:cobbled_deepslate":1393,"minecraft:raw_copper":30,"minecraft:tuff":146,"minecraft:birch_sapling":2,"minecraft:oak_planks":2,"minecraft:andesite":58,"minecraft:slime_ball":3,"minecraft:wooden_pickaxe":1,"minecraft:beef":12},"minecraft:mined":{"minecraft:tuff":423,"minecraft:white_bed":2,"minecraft:deepslate_diamond_ore":33,"minecraft:cobblestone_stairs":3,"minecraft:glow_lichen":1,"minecraft:granite":45,"minecraft:grass_block":6,"minecraft:hay_block":78,"minecraft:magma_block":1,"minecraft:redstone_ore":4,"minecraft:furnace":5,"minecraft:iron_ore":196,"minecraft:andesite":61,"minecraft:deepslate_lapis_ore":15,"minecraft:deepslate_iron_ore":14,"minecraft:stone":1391,"minecraft:deepslate_redstone_ore":141,"minecraft:smoker":2,"minecraft:crafting_table":8,"minecraft:cornflower":7,"minecraft:blast_furnace":5,"minecraft:chest":1,"minecraft:tall_grass":2,"minecraft:copper_ore":16,"minecraft:cobblestone":17,"minecraft:lapis_ore":12,"minecraft:deepslate_gold_ore":38,"minecraft:diorite":117,"minecraft:birch_log":56,"minecraft:birch_leaves":6,"minecraft:grass":10,"minecraft:oak_log":6,"minecraft:coal_ore":61,"minecraft:dirt":18,"minecraft:gravel":9,"minecraft:sand":27,"minecraft:deepslate":5707},"minecraft:picked_up":{"minecraft:crafting_table":8,"minecraft:chicken":1,"minecraft:raw_copper":30,"minecraft:cobbled_deepslate":1397,"minecraft:beef":12,"minecraft:birch_sapling":2,"minecraft:chest":1,"minecraft:furnace":7,"minecraft:stick":3,"minecraft:raw_iron":207,"minecraft:porkchop":18,"minecraft:diorite":121,"minecraft:redstone":740,"minecraft:arrow":6,"minecraft:rotten_flesh":7,"minecraft:hay_block":78,"minecraft:mutton":7,"minecraft:white_wool":3,"minecraft:cobblestone":1465,"minecraft:birch_log":56,"minecraft:magma_block":1,"minecraft:feather":1,"minecraft:glow_ink_sac":2,"minecraft:andesite":62,"minecraft:leather":4,"minecraft:smoker":2,"minecraft:tuff":171,"minecraft:oak_log":6,"minecraft:cobblestone_stairs":12,"minecraft:dirt":21,"minecraft:lapis_lazuli":106,"minecraft:cooked_mutton":1,"minecraft:bone":3,"minecraft:wheat_seeds":1,"minecraft:raw_gold":37,"minecraft:iron_ingot":4,"minecraft:oak_planks":1,"minecraft:gravel":6,"minecraft:sand":27,"minecraft:blast_furnace":5,"minecraft:white_bed":2,"minecraft:slime_ball":3,"minecraft:diamond":33,"minecraft:granite":47,"minecraft:coal":274}},"DataVersion":2975}