{"stats":{"minecraft:used":{"minecraft:stone_sword":38,"minecraft:chest":4,"minecraft:iron_sword":106,"vanillaplustools:stone_hammer":1400,"minecraft:cooked_chicken":1,"minecraft:stone_hoe":85,"minecraft:oak_door":4,"minecraft:torch":39,"minecraft:dirt":7,"minecraft:tuff":5,"minecraft:granite":6,"minecraft:iron_axe":8,"minecraft:magma_block":9,"spartanshields:iron_basic_shield":18,"minecraft:furnace":7,"minecraft:cobbled_deepslate":241,"minecraft:cooked_mutton":4,"minecraft:water_bucket":17,"minecraft:diorite":51,"minecraft:stone_pickaxe":364,"minecraft:wooden_pickaxe":11,"minecraft:crafting_table":16,"minecraft:blast_furnace":6,"minecraft:white_bed":2,"spartanshields:stone_tower_shield":21,"minecraft:smoker":1,"minecraft:oak_log":1,"minecraft:diamond_pickaxe":102,"minecraft:bread":18,"minecraft:iron_pickaxe":324,"minecraft:gravel":1,"minecraft:stone_axe":72,"minecraft:diamond_sword":12,"travelersbackpack:standard":2,"minecraft:cobblestone":621,"vanillaplustools:iron_hammer":568,"minecraft:cooked_porkchop":18,"minecraft:andesite":4,"minecraft:bucket":18,"minecraft:oak_boat":5},"minecraft:mined":{"minecraft:tuff":1200,"minecraft:white_bed":2,"minecraft:deepslate_diamond_ore":52,"minecraft:cobblestone_stairs":3,"minecraft:obsidian":12,"minecraft:glow_lichen":1,"minecraft:granite":99,"minecraft:grass_block":6,"minecraft:spruce_leaves":6,"minecraft:hay_block":78,"minecraft:magma_block":10,"minecraft:redstone_ore":4,"minecraft:furnace":6,"minecraft:iron_ore":209,"minecraft:cobbled_deepslate":11,"minecraft:andesite":65,"minecraft:deepslate_lapis_ore":25,"minecraft:deepslate_iron_ore":98,"minecraft:stone":1750,"minecraft:deepslate_redstone_ore":141,"minecraft:smoker":2,"travelersbackpack:standard":2,"minecraft:crafting_table":12,"minecraft:cornflower":7,"minecraft:torch":1,"minecraft:blast_furnace":6,"minecraft:chest":2,"minecraft:tall_grass":2,"minecraft:copper_ore":19,"minecraft:cobblestone":18,"minecraft:lapis_ore":12,"minecraft:deepslate_gold_ore":91,"minecraft:sugar_cane":2,"minecraft:diorite":118,"minecraft:deepslate_copper_ore":3,"minecraft:birch_log":56,"minecraft:birch_leaves":6,"minecraft:grass":10,"minecraft:oak_log":25,"minecraft:coal_ore":87,"minecraft:gravel":11,"minecraft:sand":27,"minecraft:dirt":18,"minecraft:smooth_basalt":21,"minecraft:oak_leaves":1,"minecraft:deepslate":13759},"minecraft:broken":{"vanillaplustools:iron_hammer":2,"minecraft:stone_pickaxe":2,"vanillaplustools:stone_hammer":10,"minecraft:iron_pickaxe":1},"minecraft:picked_up":{"minecraft:crafting_table":13,"minecraft:chicken":1,"minecraft:diamond_sword":1,"minecraft:string":2,"minecraft:raw_copper":78,"spartanshields:stone_tower_shield":1,"minecraft:diamond_leggings":1,"minecraft:cobbled_deepslate":5774,"minecraft:beef":12,"minecraft:oak_boat":4,"minecraft:iron_pickaxe":1,"minecraft:sugar_cane":1,"minecraft:chest":2,"minecraft:birch_sapling":2,"minecraft:egg":2,"minecraft:furnace":8,"minecraft:stick":15,"minecraft:raw_iron":315,"minecraft:oak_door":1,"minecraft:torch":48,"minecraft:porkchop":18,"minecraft:diorite":124,"minecraft:redstone":740,"minecraft:diamond_chestplate":1,"minecraft:arrow":12,"minecraft:rotten_flesh":18,"minecraft:diamond_boots":1,"minecraft:hay_block":78,"minecraft:obsidian":12,"minecraft:mutton":7,"minecraft:white_wool":3,"minecraft:cobblestone":2339,"minecraft:birch_log":56,"minecraft:magma_block":11,"minecraft:feather":1,"minecraft:glow_ink_sac":4,"minecraft:water_bucket":1,"minecraft:andesite":70,"spartanshields:iron_basic_shield":2,"minecraft:leather":4,"minecraft:smoker":2,"minecraft:tuff":992,"minecraft:oak_log":26,"minecraft:cobblestone_stairs":12,"minecraft:lapis_lazuli":252,"minecraft:dirt":28,"minecraft:cooked_mutton":1,"minecraft:glass":9,"minecraft:bone":3,"minecraft:kelp":14,"minecraft:wheat_seeds":1,"minecraft:raw_gold":99,"minecraft:iron_ingot":4,"minecraft:stone_pickaxe":1,"minecraft:stone_hoe":1,"minecraft:oak_planks":28,"minecraft:smooth_basalt":18,"minecraft:gravel":14,"minecraft:sand":27,"minecraft:blast_furnace":6,"minecraft:white_bed":2,"minecraft:spider_eye":1,"travelersbackpack:standard":2,"minecraft:slime_ball":3,"minecraft:diamond":52,"minecraft:stone_axe":1,"minecraft:granite":153,"minecraft:bread":16,"minecraft:oak_sapling":2,"minecraft:coal":348},"minecraft:killed":{"minecraft:spider":3,"minecraft:slime":5,"minecraft:skeleton":8,"minecraft:chicken":1,"minecraft:pig":8,"minecraft:zombie_villager":1,"minecraft:sheep":3,"minecraft:zombie":20,"minecraft:cow":4},"minecraft:crafted":{"minecraft:oak_door":3,"minecraft:oak_planks":100,"minecraft:smooth_stone":6,"vanillaplustools:stone_hammer":11,"spartanshields:wooden_tower_shield":1,"minecraft:cooked_chicken":1,"minecraft:furnace":5,"minecraft:blast_furnace":2,"minecraft:stone":6,"spartanshields:stone_tower_shield":1,"minecraft:cooked_mutton":3,"spartanshields:iron_basic_shield":1,"minecraft:glass":18,"vanillaplustools:iron_hammer":3,"minecraft:diamond_helmet":1,"minecraft:diamond_leggings":1,"minecraft:iron_boots":1,"minecraft:iron_axe":1,"minecraft:stone_pickaxe":103,"minecraft:chest":3,"minecraft:diamond_boots":1,"minecraft:stone_hoe":1,"minecraft:smoker":1,"minecraft:wheat":702,"minecraft:diamond_sword":1,"minecraft:cooked_porkchop":18,"minecraft:crafting_table":5,"travelersbackpack:standard":1,"travelersbackpack:backpack_tank":2,"minecraft:wooden_pickaxe":1,"minecraft:iron_helmet":1,"minecraft:iron_sword":1,"minecraft:birch_planks":208,"travelersbackpack:blue_sleeping_bag":1,"minecraft:bucket":2,"minecraft:stone_axe":1,"minecraft:bread":234,"minecraft:air":0,"minecraft:blue_dye":2,"minecraft:oak_boat":4,"minecraft:iron_chestplate":1,"minecraft:diamond_pickaxe":1,"minecraft:stick":304,"minecraft:iron_ingot":239,"minecraft:iron_pickaxe":29,"minecraft:stone_sword":1,"minecraft:iron_block":11,"minecraft:blue_wool":2,"minecraft:iron_leggings":1,"minecraft:gold_ingot":37,"spartanshields:wooden_basic_shield":1,"minecraft:torch":56,"minecraft:diamond_chestplate":1},"minecraft:dropped":{"minecraft:bread":23,"minecraft:diamond":2,"minecraft:feather":1,"minecraft:cobblestone":501,"minecraft:granite":39,"minecraft:stick":4,"minecraft:cobblestone_stairs":12,"minecraft:dirt":21,"minecraft:diorite":62,"minecraft:torch":25,"minecraft:smooth_basalt":18,"minecraft:redstone":768,"minecraft:bone":3,"minecraft:gold_ingot":18,"minecraft:furnace":2,"minecraft:sugar_cane":1,"minecraft:cobbled_deepslate":3594,"minecraft:stone_sword":1,"minecraft:raw_copper":30,"minecraft:tuff":772,"minecraft:birch_sapling":2,"minecraft:rotten_flesh":4,"minecraft:oak_planks":3,"minecraft:andesite":58,"minecraft:oak_sapling":1,"minecraft:slime_ball":3,"minecraft:wooden_pickaxe":1,"minecraft:beef":12,"minecraft:magma_block":1,"minecraft:egg":2},"minecraft:custom":{"minecraft:mob_kills":52,"minecraft:interact_with_crafting_table":83,"minecraft:leave_game":4,"minecraft:time_since_death":72171,"minecraft:sprint_one_cm":434411,"minecraft:walk_one_cm":573485,"minecraft:damage_blocked_by_shield":1510,"minecraft:drop":314,"minecraft:play_time":321095,"minecraft:deaths":3,"minecraft:sneak_time":20234,"minecraft:walk_under_water_one_cm":51893,"minecraft:boat_one_cm":153663,"minecraft:jump":3501,"minecraft:interact_with_blast_furnace":25,"minecraft:walk_on_water_one_cm":54868,"minecraft:total_world_time":321095,"minecraft:interact_with_furnace":51,"spartanshields:shield_bash_hits":1,"minecraft:sleep_in_bed":3,"minecraft:time_since_rest":72201,"minecraft:damage_taken":2551,"minecraft:damage_dealt":7454,"minecraft:swim_one_cm":141687,"minecraft:fly_one_cm":462763,"minecraft:open_chest":34,"minecraft:crouch_one_cm":31803,"minecraft:interact_with_smoker":7,"minecraft:fall_one_cm":65373}},"DataVersion":2975}