{"stats":{"minecraft:used":{"minecraft:stone_sword":38,"minecraft:iron_shovel":1,"minecraft:flint_and_steel":2,"minecraft:chest":4,"minecraft:iron_sword":187,"vanillaplustools:stone_hammer":1440,"minecraft:cooked_chicken":1,"minecraft:stone_hoe":85,"minecraft:netherrack":11,"minecraft:oak_door":4,"minecraft:torch":39,"minecraft:dirt":7,"minecraft:obsidian":12,"minecraft:golden_shovel":32,"minecraft:tuff":5,"minecraft:granite":6,"minecraft:birch_door":9,"minecraft:iron_axe":46,"minecraft:diamond_chestplate":1,"minecraft:magma_block":9,"spartanshields:iron_basic_shield":34,"minecraft:furnace":7,"minecraft:egg":1,"minecraft:cobbled_deepslate":665,"minecraft:cooked_mutton":4,"minecraft:water_bucket":24,"minecraft:diorite":51,"minecraft:stone_pickaxe":364,"minecraft:wooden_pickaxe":11,"minecraft:glow_berries":8,"minecraft:sand":6,"spartanshields:diamond_basic_shield":33,"minecraft:crafting_table":17,"minecraft:blast_furnace":9,"minecraft:white_bed":2,"spartanshields:stone_tower_shield":21,"minecraft:warped_planks":6,"minecraft:smoker":1,"minecraft:oak_log":1,"minecraft:diamond_pickaxe":226,"minecraft:cracked_polished_blackstone_bricks":2,"minecraft:bread":52,"minecraft:iron_pickaxe":324,"minecraft:gravel":22,"minecraft:stone_axe":72,"minecraft:diamond_sword":50,"travelersbackpack:standard":10,"minecraft:cobblestone":621,"vanillaplustools:iron_hammer":750,"minecraft:cooked_porkchop":18,"minecraft:andesite":4,"minecraft:bucket":32,"minecraft:oak_boat":6},"minecraft:mined":{"minecraft:tuff":1357,"minecraft:white_bed":2,"minecraft:deepslate_diamond_ore":63,"minecraft:cobblestone_stairs":3,"minecraft:obsidian":14,"minecraft:glow_lichen":1,"minecraft:granite":99,"minecraft:grass_block":7,"minecraft:cracked_polished_blackstone_bricks":2,"minecraft:weeping_vines":2,"minecraft:spruce_leaves":6,"minecraft:spawner":1,"minecraft:polished_blackstone_bricks":3,"minecraft:hay_block":78,"minecraft:weeping_vines_plant":2,"minecraft:magma_block":10,"minecraft:redstone_ore":4,"minecraft:furnace":6,"minecraft:fire":2,"minecraft:iron_ore":209,"minecraft:cobbled_deepslate":14,"minecraft:andesite":65,"minecraft:deepslate_lapis_ore":28,"minecraft:deepslate_iron_ore":98,"minecraft:warped_stem":2,"minecraft:stone":1911,"minecraft:deepslate_redstone_ore":146,"minecraft:blackstone":1,"minecraft:smoker":2,"minecraft:basalt":1,"travelersbackpack:standard":3,"minecraft:crafting_table":13,"minecraft:cornflower":7,"minecraft:torch":1,"minecraft:blast_furnace":9,"minecraft:chest":2,"minecraft:tall_grass":3,"minecraft:copper_ore":20,"minecraft:cobblestone":18,"minecraft:lapis_ore":12,"minecraft:deepslate_gold_ore":121,"minecraft:sugar_cane":2,"minecraft:diorite":125,"minecraft:deepslate_copper_ore":3,"minecraft:birch_log":56,"minecraft:birch_leaves":6,"minecraft:birch_door":8,"minecraft:grass":14,"minecraft:oak_log":69,"minecraft:coal_ore":87,"minecraft:gravel":34,"minecraft:sand":64,"minecraft:dirt":23,"minecraft:cobweb":1,"minecraft:smooth_basalt":21,"minecraft:stone_bricks":1,"minecraft:netherrack":11,"minecraft:gold_ore":4,"minecraft:oak_leaves":1,"minecraft:deepslate":15432},"minecraft:broken":{"vanillaplustools:iron_hammer":3,"minecraft:golden_shovel":1,"minecraft:stone_pickaxe":2,"vanillaplustools:stone_hammer":11,"minecraft:iron_pickaxe":1},"minecraft:killed_by":{"minecraft:player":1,"minecraft:piglin_brute":1},"minecraft:picked_up":{"minecraft:birch_door":12,"minecraft:crafting_table":14,"minecraft:chicken":1,"minecraft:diamond_sword":2,"minecraft:potion":2,"spartanshields:diamond_basic_shield":1,"minecraft:cooked_salmon":4,"minecraft:iron_axe":1,"minecraft:string":2,"minecraft:raw_copper":78,"spartanshields:stone_tower_shield":1,"minecraft:blackstone":1,"minecraft:diamond_leggings":2,"minecraft:cobbled_deepslate":6515,"minecraft:beef":15,"minecraft:oak_boat":4,"minecraft:iron_pickaxe":1,"minecraft:sugar_cane":1,"minecraft:chest":2,"minecraft:birch_sapling":2,"minecraft:egg":3,"minecraft:furnace":8,"minecraft:stick":15,"minecraft:raw_iron":315,"minecraft:oak_door":1,"minecraft:torch":93,"minecraft:porkchop":18,"minecraft:polished_blackstone_bricks":3,"minecraft:diorite":124,"minecraft:redstone":758,"minecraft:tnt":1,"minecraft:weeping_vines":3,"minecraft:cooked_cod":2,"minecraft:diamond_chestplate":2,"minecraft:arrow":12,"minecraft:rotten_flesh":22,"minecraft:diamond_boots":2,"minecraft:hay_block":78,"minecraft:gold_ingot":3,"minecraft:obsidian":16,"minecraft:mutton":7,"minecraft:white_wool":3,"minecraft:cobblestone":2378,"minecraft:birch_log":56,"minecraft:basalt":1,"minecraft:leather_chestplate":1,"minecraft:magma_block":11,"minecraft:feather":1,"minecraft:glow_ink_sac":4,"minecraft:water_bucket":2,"minecraft:andesite":70,"spartanshields:iron_basic_shield":2,"minecraft:leather":11,"minecraft:smoker":2,"minecraft:filled_map":2,"minecraft:birch_planks":2,"minecraft:flint":1,"minecraft:tuff":992,"minecraft:oak_log":69,"minecraft:cobblestone_stairs":12,"minecraft:lapis_lazuli":265,"minecraft:dirt":28,"minecraft:cooked_mutton":1,"minecraft:glass":9,"minecraft:bone":3,"minecraft:stone_bricks":2,"minecraft:warped_stem":2,"minecraft:kelp":14,"minecraft:heart_of_the_sea":1,"minecraft:wheat_seeds":1,"minecraft:raw_gold":133,"minecraft:iron_ingot":12,"minecraft:stone_pickaxe":1,"minecraft:diamond_helmet":1,"travelersbackpack:blank_upgrade":2,"minecraft:stone_hoe":1,"minecraft:oak_planks":28,"minecraft:smooth_basalt":18,"minecraft:gravel":36,"minecraft:sand":41,"minecraft:blast_furnace":9,"minecraft:white_bed":2,"minecraft:spider_eye":1,"travelersbackpack:standard":3,"minecraft:slime_ball":3,"minecraft:diamond":72,"minecraft:stone_axe":1,"minecraft:cracked_polished_blackstone_bricks":2,"minecraft:granite":153,"minecraft:emerald":5,"minecraft:bread":21,"minecraft:oak_sapling":2,"minecraft:netherrack":11,"minecraft:coal":355,"minecraft:diamond_pickaxe":2},"minecraft:killed":{"minecraft:cave_spider":1,"minecraft:spider":5,"minecraft:slime":5,"minecraft:skeleton":13,"minecraft:chicken":1,"minecraft:drowned":1,"minecraft:piglin_brute":1,"minecraft:piglin":1,"minecraft:pig":8,"minecraft:zombie_villager":1,"minecraft:hoglin":1,"minecraft:sheep":3,"minecraft:zombie":26,"minecraft:enderman":1,"minecraft:cow":11},"minecraft:crafted":{"minecraft:oak_door":3,"minecraft:oak_planks":126,"minecraft:smooth_stone":6,"vanillaplustools:stone_hammer":11,"travelersbackpack:crafting_upgrade":1,"spartanshields:wooden_tower_shield":1,"minecraft:cooked_chicken":1,"minecraft:furnace":5,"minecraft:blast_furnace":2,"minecraft:stone":6,"spartanshields:diamond_basic_shield":1,"spartanshields:stone_tower_shield":1,"travelersbackpack:gold_tier_upgrade":1,"travelersbackpack:blank_upgrade":4,"minecraft:flint_and_steel":1,"minecraft:cooked_mutton":3,"minecraft:warped_planks":8,"spartanshields:iron_basic_shield":1,"minecraft:glass":18,"vanillaplustools:iron_hammer":3,"minecraft:diamond_helmet":2,"minecraft:diamond_leggings":2,"minecraft:iron_boots":1,"minecraft:iron_axe":2,"minecraft:stone_pickaxe":103,"minecraft:chest":4,"minecraft:diamond_boots":2,"minecraft:birch_door":3,"minecraft:stone_hoe":1,"minecraft:golden_boots":1,"travelersbackpack:diamond_tier_upgrade":1,"minecraft:smoker":1,"minecraft:wheat":702,"travelersbackpack:iron_tier_upgrade":1,"minecraft:diamond_sword":2,"minecraft:cooked_porkchop":18,"minecraft:crafting_table":7,"travelersbackpack:standard":2,"travelersbackpack:backpack_tank":4,"minecraft:wooden_pickaxe":1,"minecraft:iron_helmet":1,"minecraft:iron_sword":1,"minecraft:golden_shovel":1,"minecraft:birch_planks":208,"travelersbackpack:blue_sleeping_bag":1,"minecraft:bucket":2,"minecraft:stone_axe":1,"minecraft:bread":242,"minecraft:air":0,"minecraft:blue_dye":2,"minecraft:oak_boat":5,"minecraft:iron_chestplate":1,"minecraft:diamond_pickaxe":1,"minecraft:stick":312,"minecraft:iron_ingot":330,"minecraft:iron_pickaxe":29,"minecraft:iron_shovel":1,"minecraft:stone_sword":1,"minecraft:iron_block":11,"minecraft:blue_wool":2,"minecraft:iron_leggings":1,"minecraft:gold_ingot":115,"spartanshields:wooden_basic_shield":2,"minecraft:torch":56,"minecraft:diamond_chestplate":2},"minecraft:dropped":{"minecraft:iron_ingot":32,"minecraft:bread":55,"minecraft:birch_planks":2,"minecraft:diamond":2,"minecraft:feather":1,"minecraft:cobblestone":501,"minecraft:granite":39,"minecraft:stick":4,"minecraft:cobblestone_stairs":12,"minecraft:dirt":21,"minecraft:diorite":62,"minecraft:torch":25,"travelersbackpack:blank_upgrade":1,"minecraft:iron_shovel":1,"minecraft:smooth_basalt":18,"minecraft:redstone":768,"minecraft:bone":3,"minecraft:gold_ingot":18,"minecraft:furnace":2,"minecraft:sugar_cane":1,"minecraft:cobbled_deepslate":4298,"minecraft:stone_sword":1,"minecraft:raw_copper":30,"minecraft:obsidian":2,"minecraft:tuff":772,"minecraft:birch_sapling":2,"minecraft:rotten_flesh":4,"minecraft:oak_planks":3,"minecraft:filled_map":1,"minecraft:diamond_pickaxe":1,"minecraft:andesite":58,"minecraft:oak_sapling":1,"minecraft:slime_ball":3,"minecraft:wooden_pickaxe":1,"minecraft:beef":15,"minecraft:magma_block":1,"minecraft:egg":2},"minecraft:custom":{"minecraft:interact_with_smithing_table":7,"minecraft:mob_kills":80,"minecraft:interact_with_crafting_table":108,"minecraft:leave_game":5,"minecraft:time_since_death":8797,"minecraft:sprint_one_cm":697855,"minecraft:walk_one_cm":752561,"minecraft:damage_blocked_by_shield":3030,"minecraft:drop":335,"minecraft:talked_to_villager":2,"minecraft:play_time":441503,"minecraft:deaths":5,"minecraft:sneak_time":27762,"minecraft:walk_under_water_one_cm":73989,"minecraft:boat_one_cm":467427,"minecraft:jump":5684,"minecraft:interact_with_blast_furnace":46,"minecraft:walk_on_water_one_cm":77170,"minecraft:total_world_time":441503,"minecraft:interact_with_furnace":51,"spartanshields:shield_bash_hits":1,"minecraft:sleep_in_bed":7,"minecraft:time_since_rest":8871,"minecraft:damage_taken":4291,"minecraft:damage_dealt":13075,"minecraft:swim_one_cm":196529,"minecraft:fly_one_cm":879581,"minecraft:open_chest":68,"minecraft:crouch_one_cm":41221,"minecraft:interact_with_smoker":7,"minecraft:fall_one_cm":128679}},"DataVersion":2975}