{"stats":{"minecraft:killed":{"minecraft:sheep":2,"minecraft:pig":6,"minecraft:chicken":1},"minecraft:picked_up":{"minecraft:birch_log":51,"minecraft:stick":3,"minecraft:crafting_table":3,"minecraft:raw_iron":25,"minecraft:chicken":1,"minecraft:feather":1,"minecraft:andesite":54,"minecraft:porkchop":13,"minecraft:oak_log":5,"minecraft:diorite":103,"minecraft:dirt":13,"minecraft:raw_copper":26,"minecraft:granite":34,"minecraft:mutton":4,"minecraft:birch_sapling":2,"minecraft:coal":116,"minecraft:white_wool":2,"minecraft:cobblestone":865,"minecraft:furnace":1},"minecraft:crafted":{"minecraft:oak_planks":20,"minecraft:iron_boots":1,"minecraft:iron_chestplate":1,"vanillaplustools:stone_hammer":1,"minecraft:crafting_table":1,"minecraft:stick":48,"spartanshields:wooden_tower_shield":1,"minecraft:iron_helmet":1,"minecraft:iron_ingot":25,"minecraft:wooden_pickaxe":1,"minecraft:stone_pickaxe":11,"minecraft:stone_sword":1,"minecraft:iron_leggings":1,"minecraft:furnace":1,"minecraft:birch_planks":116,"minecraft:stone_axe":1,"spartanshields:stone_tower_shield":1,"minecraft:air":0},"minecraft:broken":{"minecraft:stone_pickaxe":1,"vanillaplustools:stone_hammer":1},"minecraft:mined":{"minecraft:furnace":1,"minecraft:birch_log":51,"minecraft:iron_ore":26,"minecraft:birch_leaves":5,"minecraft:andesite":54,"minecraft:crafting_table":3,"minecraft:granite":34,"minecraft:grass":1,"minecraft:oak_log":5,"minecraft:grass_block":4,"minecraft:coal_ore":61,"minecraft:gravel":1,"minecraft:dirt":9,"minecraft:copper_ore":14,"minecraft:stone":927,"minecraft:diorite":104},"minecraft:custom":{"minecraft:time_since_rest":27741,"minecraft:interact_with_furnace":20,"minecraft:sprint_one_cm":38496,"minecraft:damage_taken":10,"minecraft:walk_one_cm":51685,"minecraft:mob_kills":9,"minecraft:drop":3,"minecraft:damage_dealt":910,"minecraft:interact_with_crafting_table":16,"minecraft:fly_one_cm":21373,"minecraft:crouch_one_cm":61,"minecraft:play_time":27741,"minecraft:sneak_time":31,"minecraft:jump":202,"minecraft:leave_game":1,"minecraft:time_since_death":27741,"minecraft:total_world_time":27741,"minecraft:fall_one_cm":2667},"minecraft:used":{"minecraft:diorite":51,"minecraft:stone_sword":25,"minecraft:stone_pickaxe":145,"minecraft:wooden_pickaxe":11,"vanillaplustools:stone_hammer":131,"minecraft:stone_axe":54,"minecraft:cobblestone":3,"minecraft:crafting_table":3,"minecraft:furnace":1},"minecraft:dropped":{"minecraft:diorite":52,"minecraft:raw_copper":26,"minecraft:andesite":54}},"DataVersion":2975}