{"stats":{"minecraft:killed":{"minecraft:pig":8,"minecraft:skeleton":5,"minecraft:sheep":2,"minecraft:zombie":10,"minecraft:chicken":1},"minecraft:picked_up":{"minecraft:birch_log":56,"minecraft:magma_block":1,"minecraft:crafting_table":6,"minecraft:feather":1,"minecraft:chicken":1,"minecraft:glow_ink_sac":2,"minecraft:andesite":58,"minecraft:smoker":1,"minecraft:tuff":2,"minecraft:oak_log":5,"minecraft:dirt":13,"minecraft:lapis_lazuli":106,"minecraft:raw_copper":26,"minecraft:cooked_mutton":1,"minecraft:bone":3,"minecraft:cobbled_deepslate":5,"minecraft:birch_sapling":2,"minecraft:furnace":2,"minecraft:stick":3,"minecraft:raw_iron":108,"minecraft:gravel":6,"minecraft:porkchop":18,"minecraft:diorite":103,"minecraft:arrow":6,"minecraft:rotten_flesh":7,"minecraft:granite":40,"minecraft:mutton":7,"minecraft:coal":197,"minecraft:white_wool":2,"minecraft:cobblestone":916},"minecraft:crafted":{"minecraft:oak_planks":20,"vanillaplustools:stone_hammer":2,"minecraft:cooked_porkchop":18,"minecraft:crafting_table":1,"minecraft:wooden_pickaxe":1,"minecraft:iron_helmet":1,"minecraft:cooked_chicken":1,"spartanshields:wooden_tower_shield":1,"minecraft:iron_sword":1,"minecraft:furnace":3,"minecraft:birch_planks":116,"minecraft:stone_axe":1,"spartanshields:stone_tower_shield":1,"minecraft:cooked_mutton":3,"minecraft:air":0,"minecraft:iron_boots":1,"minecraft:iron_chestplate":1,"minecraft:stick":52,"minecraft:iron_ingot":27,"minecraft:stone_pickaxe":21,"minecraft:stone_sword":1,"minecraft:iron_leggings":1,"minecraft:smoker":1},"minecraft:broken":{"minecraft:stone_pickaxe":2,"vanillaplustools:stone_hammer":1},"minecraft:mined":{"minecraft:tuff":2,"minecraft:smoker":1,"minecraft:crafting_table":6,"minecraft:granite":35,"minecraft:grass_block":4,"minecraft:copper_ore":14,"minecraft:cobblestone":14,"minecraft:lapis_ore":7,"minecraft:diorite":106,"minecraft:magma_block":1,"minecraft:furnace":2,"minecraft:birch_log":56,"minecraft:iron_ore":100,"minecraft:andesite":57,"minecraft:birch_leaves":6,"minecraft:deepslate_lapis_ore":10,"minecraft:grass":1,"minecraft:oak_log":5,"minecraft:coal_ore":61,"minecraft:deepslate_iron_ore":9,"minecraft:gravel":8,"minecraft:dirt":9,"minecraft:stone":965,"minecraft:deepslate":7},"minecraft:custom":{"minecraft:interact_with_furnace":28,"minecraft:mob_kills":26,"minecraft:interact_with_crafting_table":22,"minecraft:leave_game":2,"minecraft:time_since_death":69605,"minecraft:time_since_rest":69605,"minecraft:sprint_one_cm":105221,"minecraft:damage_taken":534,"minecraft:walk_one_cm":116199,"minecraft:damage_blocked_by_shield":820,"minecraft:drop":22,"minecraft:damage_dealt":3797,"minecraft:swim_one_cm":10982,"minecraft:fly_one_cm":99344,"minecraft:crouch_one_cm":14753,"minecraft:play_time":69605,"minecraft:sneak_time":5931,"minecraft:walk_under_water_one_cm":7485,"minecraft:jump":806,"minecraft:walk_on_water_one_cm":18065,"minecraft:total_world_time":69605,"minecraft:interact_with_smoker":7,"minecraft:fall_one_cm":16536},"minecraft:used":{"minecraft:cooked_mutton":4,"minecraft:diorite":51,"minecraft:stone_sword":38,"minecraft:stone_pickaxe":303,"minecraft:wooden_pickaxe":11,"minecraft:iron_sword":45,"vanillaplustools:stone_hammer":135,"minecraft:cooked_chicken":1,"minecraft:crafting_table":6,"spartanshields:stone_tower_shield":21,"minecraft:smoker":1,"minecraft:stone_axe":65,"minecraft:cobblestone":295,"minecraft:furnace":3,"minecraft:cooked_porkchop":4},"minecraft:dropped":{"minecraft:stone_sword":1,"minecraft:raw_copper":26,"minecraft:birch_sapling":2,"minecraft:feather":1,"minecraft:cobblestone":247,"minecraft:oak_planks":1,"minecraft:granite":39,"minecraft:dirt":13,"minecraft:diorite":52,"minecraft:andesite":54,"minecraft:wooden_pickaxe":1,"minecraft:bone":3}},"DataVersion":2975}