{"stats":{"minecraft:killed":{"minecraft:pig":8,"minecraft:skeleton":4,"minecraft:sheep":2,"minecraft:zombie":9,"minecraft:chicken":1},"minecraft:picked_up":{"minecraft:birch_log":56,"minecraft:crafting_table":5,"minecraft:feather":1,"minecraft:chicken":1,"minecraft:glow_ink_sac":2,"minecraft:andesite":58,"minecraft:smoker":1,"minecraft:oak_log":5,"minecraft:dirt":13,"minecraft:lapis_lazuli":35,"minecraft:raw_copper":26,"minecraft:cooked_mutton":1,"minecraft:bone":3,"minecraft:cobbled_deepslate":1,"minecraft:birch_sapling":2,"minecraft:furnace":2,"minecraft:stick":3,"minecraft:raw_iron":88,"minecraft:gravel":6,"minecraft:porkchop":18,"minecraft:diorite":103,"minecraft:arrow":4,"minecraft:rotten_flesh":5,"minecraft:granite":40,"minecraft:mutton":7,"minecraft:coal":197,"minecraft:white_wool":2,"minecraft:cobblestone":909},"minecraft:crafted":{"minecraft:oak_planks":20,"vanillaplustools:stone_hammer":2,"minecraft:cooked_porkchop":18,"minecraft:crafting_table":1,"minecraft:wooden_pickaxe":1,"minecraft:iron_helmet":1,"minecraft:cooked_chicken":1,"spartanshields:wooden_tower_shield":1,"minecraft:iron_sword":1,"minecraft:furnace":3,"minecraft:birch_planks":116,"minecraft:stone_axe":1,"spartanshields:stone_tower_shield":1,"minecraft:cooked_mutton":3,"minecraft:air":0,"minecraft:iron_boots":1,"minecraft:iron_chestplate":1,"minecraft:stick":52,"minecraft:iron_ingot":27,"minecraft:stone_pickaxe":20,"minecraft:stone_sword":1,"minecraft:iron_leggings":1,"minecraft:smoker":1},"minecraft:broken":{"minecraft:stone_pickaxe":2,"vanillaplustools:stone_hammer":1},"minecraft:mined":{"minecraft:smoker":1,"minecraft:crafting_table":5,"minecraft:granite":35,"minecraft:grass_block":4,"minecraft:copper_ore":14,"minecraft:cobblestone":9,"minecraft:lapis_ore":5,"minecraft:diorite":106,"minecraft:furnace":2,"minecraft:birch_log":56,"minecraft:iron_ore":89,"minecraft:andesite":57,"minecraft:birch_leaves":6,"minecraft:grass":1,"minecraft:oak_log":5,"minecraft:coal_ore":61,"minecraft:gravel":8,"minecraft:dirt":9,"minecraft:stone":963,"minecraft:deepslate":1},"minecraft:custom":{"minecraft:interact_with_furnace":28,"minecraft:mob_kills":24,"minecraft:interact_with_crafting_table":21,"minecraft:leave_game":2,"minecraft:time_since_death":57605,"minecraft:time_since_rest":57605,"minecraft:sprint_one_cm":91094,"minecraft:damage_taken":390,"minecraft:walk_one_cm":104402,"minecraft:damage_blocked_by_shield":640,"minecraft:drop":22,"minecraft:damage_dealt":3397,"minecraft:swim_one_cm":10846,"minecraft:fly_one_cm":81754,"minecraft:crouch_one_cm":1478,"minecraft:play_time":57605,"minecraft:sneak_time":494,"minecraft:walk_under_water_one_cm":6354,"minecraft:jump":634,"minecraft:walk_on_water_one_cm":11640,"minecraft:total_world_time":57605,"minecraft:interact_with_smoker":7,"minecraft:fall_one_cm":14626},"minecraft:used":{"minecraft:cooked_mutton":4,"minecraft:diorite":51,"minecraft:stone_sword":38,"minecraft:stone_pickaxe":255,"minecraft:wooden_pickaxe":11,"minecraft:iron_sword":37,"vanillaplustools:stone_hammer":135,"minecraft:cooked_chicken":1,"minecraft:crafting_table":5,"spartanshields:stone_tower_shield":15,"minecraft:smoker":1,"minecraft:stone_axe":64,"minecraft:cobblestone":152,"minecraft:furnace":3,"minecraft:cooked_porkchop":1},"minecraft:dropped":{"minecraft:stone_sword":1,"minecraft:raw_copper":26,"minecraft:birch_sapling":2,"minecraft:feather":1,"minecraft:cobblestone":247,"minecraft:oak_planks":1,"minecraft:granite":39,"minecraft:dirt":13,"minecraft:diorite":52,"minecraft:andesite":54,"minecraft:wooden_pickaxe":1,"minecraft:bone":3}},"DataVersion":2975}