{"stats":{"minecraft:killed":{"minecraft:pig":8,"minecraft:skeleton":2,"minecraft:sheep":2,"minecraft:zombie":1,"minecraft:chicken":1},"minecraft:picked_up":{"minecraft:birch_log":56,"minecraft:crafting_table":4,"minecraft:feather":1,"minecraft:chicken":1,"minecraft:andesite":57,"minecraft:smoker":1,"minecraft:oak_log":5,"minecraft:dirt":13,"minecraft:raw_copper":26,"minecraft:cooked_mutton":1,"minecraft:bone":3,"minecraft:birch_sapling":2,"minecraft:furnace":2,"minecraft:stick":3,"minecraft:raw_iron":36,"minecraft:gravel":6,"minecraft:porkchop":18,"minecraft:diorite":103,"minecraft:arrow":4,"minecraft:granite":34,"minecraft:mutton":7,"minecraft:coal":197,"minecraft:white_wool":2,"minecraft:cobblestone":867},"minecraft:crafted":{"minecraft:oak_planks":20,"vanillaplustools:stone_hammer":1,"minecraft:cooked_porkchop":18,"minecraft:crafting_table":1,"minecraft:wooden_pickaxe":1,"minecraft:iron_helmet":1,"minecraft:cooked_chicken":1,"spartanshields:wooden_tower_shield":1,"minecraft:iron_sword":1,"minecraft:furnace":3,"minecraft:birch_planks":116,"minecraft:stone_axe":1,"spartanshields:stone_tower_shield":1,"minecraft:cooked_mutton":3,"minecraft:air":0,"minecraft:iron_boots":1,"minecraft:iron_chestplate":1,"minecraft:stick":48,"minecraft:iron_ingot":27,"minecraft:stone_pickaxe":11,"minecraft:stone_sword":1,"minecraft:iron_leggings":1,"minecraft:smoker":1},"minecraft:broken":{"minecraft:stone_pickaxe":1,"vanillaplustools:stone_hammer":1},"minecraft:mined":{"minecraft:smoker":1,"minecraft:crafting_table":4,"minecraft:granite":34,"minecraft:grass_block":4,"minecraft:copper_ore":14,"minecraft:diorite":106,"minecraft:furnace":2,"minecraft:birch_log":56,"minecraft:iron_ore":37,"minecraft:andesite":57,"minecraft:birch_leaves":6,"minecraft:grass":1,"minecraft:coal_ore":61,"minecraft:oak_log":5,"minecraft:gravel":8,"minecraft:dirt":9,"minecraft:stone":929},"minecraft:custom":{"minecraft:interact_with_furnace":28,"minecraft:mob_kills":14,"minecraft:interact_with_crafting_table":19,"minecraft:leave_game":1,"minecraft:time_since_death":39741,"minecraft:time_since_rest":39741,"minecraft:sprint_one_cm":71944,"minecraft:damage_taken":112,"minecraft:walk_one_cm":77360,"minecraft:damage_blocked_by_shield":160,"minecraft:drop":16,"minecraft:damage_dealt":1413,"minecraft:swim_one_cm":9455,"minecraft:fly_one_cm":52783,"minecraft:crouch_one_cm":1478,"minecraft:play_time":39741,"minecraft:sneak_time":494,"minecraft:walk_under_water_one_cm":3033,"minecraft:jump":391,"minecraft:walk_on_water_one_cm":6139,"minecraft:interact_with_smoker":7,"minecraft:total_world_time":39741,"minecraft:fall_one_cm":8405},"minecraft:used":{"minecraft:cooked_mutton":2,"minecraft:diorite":51,"minecraft:stone_sword":38,"minecraft:stone_pickaxe":173,"minecraft:wooden_pickaxe":11,"vanillaplustools:stone_hammer":131,"minecraft:cooked_chicken":1,"minecraft:crafting_table":4,"spartanshields:stone_tower_shield":4,"minecraft:smoker":1,"minecraft:stone_axe":60,"minecraft:cobblestone":41,"minecraft:furnace":3},"minecraft:dropped":{"minecraft:stone_sword":1,"minecraft:raw_copper":26,"minecraft:birch_sapling":2,"minecraft:feather":1,"minecraft:cobblestone":245,"minecraft:oak_planks":1,"minecraft:granite":34,"minecraft:dirt":13,"minecraft:diorite":52,"minecraft:andesite":54,"minecraft:wooden_pickaxe":1,"minecraft:bone":3}},"DataVersion":2975}