{"stats":{"minecraft:killed":{"minecraft:witch":1,"minecraft:spider":1,"minecraft:sheep":12,"minecraft:skeleton":2,"minecraft:zombie":12,"minecraft:chicken":5,"minecraft:cow":14},"minecraft:picked_up":{"minecraft:birch_log":1,"minecraft:glow_ink_sac":2,"minecraft:crafting_table":8,"minecraft:feather":5,"minecraft:chicken":5,"minecraft:andesite":15,"minecraft:leather":8,"minecraft:tuff":11,"minecraft:oak_log":18,"minecraft:dirt":1,"minecraft:raw_copper":8,"minecraft:bone":2,"minecraft:cobbled_deepslate":100,"minecraft:beef":24,"minecraft:rose_bush":7,"minecraft:light_gray_wool":1,"minecraft:furnace":4,"minecraft:egg":1,"minecraft:raw_iron":138,"minecraft:torch":47,"minecraft:gravel":3,"minecraft:blast_furnace":2,"minecraft:diorite":51,"minecraft:carrot":1,"minecraft:white_bed":2,"minecraft:arrow":1,"minecraft:rotten_flesh":13,"minecraft:granite":19,"minecraft:oak_sapling":1,"minecraft:mutton":18,"minecraft:coal":132,"minecraft:white_wool":11,"minecraft:cobblestone":442},"minecraft:crafted":{"minecraft:cooked_beef":22,"minecraft:oak_planks":72,"minecraft:smooth_stone":6,"vanillaplustools:stone_hammer":1,"minecraft:crafting_table":2,"minecraft:iron_helmet":1,"minecraft:wooden_pickaxe":1,"minecraft:cooked_chicken":5,"minecraft:furnace":4,"minecraft:blast_furnace":2,"minecraft:stone":6,"minecraft:bucket":1,"minecraft:birch_planks":4,"minecraft:stone_axe":1,"minecraft:cooked_mutton":15,"spartanshields:iron_basic_shield":1,"vanillaplustools:iron_hammer":1,"minecraft:iron_boots":1,"minecraft:iron_chestplate":1,"minecraft:iron_axe":1,"minecraft:stick":92,"minecraft:iron_ingot":111,"minecraft:iron_pickaxe":9,"minecraft:stone_pickaxe":10,"minecraft:iron_block":2,"minecraft:stone_sword":1,"minecraft:chest":1,"minecraft:iron_leggings":1,"spartanshields:wooden_basic_shield":1,"minecraft:white_bed":2,"minecraft:torch":152},"minecraft:custom":{"spartanshields:shield_bash_hits":1,"minecraft:interact_with_furnace":51,"minecraft:mob_kills":47,"minecraft:interact_with_crafting_table":33,"minecraft:time_since_death":68047,"minecraft:sleep_in_bed":3,"minecraft:time_since_rest":32734,"minecraft:sprint_one_cm":127797,"minecraft:damage_taken":1671,"minecraft:walk_one_cm":177576,"minecraft:damage_blocked_by_shield":280,"minecraft:drop":26,"minecraft:damage_dealt":5921,"minecraft:swim_one_cm":33742,"minecraft:fly_one_cm":113844,"minecraft:open_chest":11,"minecraft:crouch_one_cm":3368,"minecraft:play_time":68047,"minecraft:sneak_time":1849,"minecraft:walk_under_water_one_cm":20424,"minecraft:jump":1149,"minecraft:interact_with_blast_furnace":31,"minecraft:walk_on_water_one_cm":16659,"minecraft:total_world_time":68047,"minecraft:fall_one_cm":18813},"minecraft:mined":{"minecraft:tuff":11,"minecraft:white_bed":2,"minecraft:crafting_table":8,"minecraft:torch":1,"minecraft:granite":21,"minecraft:blast_furnace":2,"minecraft:grass_block":1,"minecraft:rose_bush":7,"minecraft:copper_ore":2,"minecraft:cobblestone":4,"minecraft:diorite":57,"minecraft:deepslate_copper_ore":1,"minecraft:furnace":4,"minecraft:iron_ore":109,"minecraft:andesite":16,"minecraft:grass":12,"minecraft:oak_log":18,"minecraft:coal_ore":66,"minecraft:deepslate_iron_ore":37,"minecraft:gravel":2,"minecraft:stone":446,"minecraft:deepslate":111,"minecraft:oak_leaves":1},"minecraft:used":{"minecraft:cooked_mutton":14,"minecraft:water_bucket":3,"minecraft:diorite":13,"minecraft:stone_sword":69,"minecraft:stone_pickaxe":58,"minecraft:chest":1,"minecraft:wooden_pickaxe":8,"vanillaplustools:stone_hammer":124,"minecraft:rotten_flesh":5,"minecraft:torch":128,"minecraft:mutton":3,"minecraft:crafting_table":10,"minecraft:blast_furnace":3,"minecraft:white_bed":4,"minecraft:lava_bucket":1,"minecraft:iron_axe":10,"minecraft:stone_axe":76,"minecraft:cobblestone":66,"spartanshields:iron_basic_shield":12,"minecraft:beef":2,"minecraft:furnace":6,"minecraft:bucket":4,"minecraft:egg":1,"minecraft:cooked_beef":6,"minecraft:cobbled_deepslate":10},"minecraft:dropped":{"minecraft:gravel":3,"minecraft:stone_axe":1,"minecraft:cobbled_deepslate":41,"minecraft:raw_copper":8,"minecraft:tuff":11,"minecraft:feather":1,"minecraft:cobblestone":257,"minecraft:rotten_flesh":4,"minecraft:light_gray_wool":1,"minecraft:granite":19,"minecraft:diorite":26,"minecraft:andesite":15,"minecraft:rose_bush":7,"minecraft:oak_sapling":1,"minecraft:stone_pickaxe":1,"minecraft:wooden_pickaxe":1,"minecraft:white_wool":1}},"DataVersion":2975}