{"stats":{"minecraft:killed":{"minecraft:spider":1,"minecraft:sheep":12,"minecraft:skeleton":1,"minecraft:zombie":9,"minecraft:chicken":5,"minecraft:cow":14},"minecraft:picked_up":{"minecraft:birch_log":1,"minecraft:crafting_table":8,"minecraft:feather":5,"minecraft:chicken":5,"minecraft:leather":8,"minecraft:oak_log":18,"minecraft:dirt":1,"minecraft:beef":24,"minecraft:rose_bush":7,"minecraft:light_gray_wool":1,"minecraft:furnace":4,"minecraft:egg":1,"minecraft:raw_iron":9,"minecraft:torch":44,"minecraft:diorite":13,"minecraft:carrot":1,"minecraft:white_bed":2,"minecraft:arrow":1,"minecraft:rotten_flesh":9,"minecraft:oak_sapling":1,"minecraft:mutton":18,"minecraft:coal":87,"minecraft:white_wool":11,"minecraft:cobblestone":165},"minecraft:crafted":{"minecraft:cooked_beef":9,"minecraft:oak_planks":72,"minecraft:smooth_stone":3,"vanillaplustools:stone_hammer":1,"minecraft:crafting_table":2,"minecraft:wooden_pickaxe":1,"minecraft:cooked_chicken":1,"minecraft:furnace":2,"minecraft:stone":3,"minecraft:bucket":1,"minecraft:birch_planks":4,"minecraft:stone_axe":1,"minecraft:cooked_mutton":9,"minecraft:stick":52,"minecraft:iron_ingot":4,"minecraft:stone_pickaxe":10,"minecraft:stone_sword":1,"minecraft:chest":1,"spartanshields:wooden_basic_shield":1,"minecraft:white_bed":2,"minecraft:torch":28},"minecraft:mined":{"minecraft:white_bed":2,"minecraft:crafting_table":8,"minecraft:torch":1,"minecraft:grass_block":1,"minecraft:rose_bush":7,"minecraft:diorite":15,"minecraft:furnace":4,"minecraft:iron_ore":12,"minecraft:andesite":1,"minecraft:grass":12,"minecraft:oak_log":18,"minecraft:coal_ore":36,"minecraft:stone":169,"minecraft:oak_leaves":1},"minecraft:custom":{"minecraft:interact_with_furnace":25,"minecraft:mob_kills":42,"minecraft:interact_with_crafting_table":17,"minecraft:time_since_death":38047,"minecraft:sleep_in_bed":3,"minecraft:time_since_rest":2734,"minecraft:sprint_one_cm":92259,"minecraft:damage_taken":1105,"minecraft:walk_one_cm":107387,"minecraft:drop":8,"minecraft:damage_dealt":4831,"minecraft:swim_one_cm":33516,"minecraft:fly_one_cm":86050,"minecraft:open_chest":1,"minecraft:crouch_one_cm":3036,"minecraft:play_time":38047,"minecraft:sneak_time":1586,"minecraft:walk_under_water_one_cm":9390,"minecraft:jump":622,"minecraft:walk_on_water_one_cm":3564,"minecraft:total_world_time":38047,"minecraft:fall_one_cm":10322},"minecraft:used":{"minecraft:cooked_mutton":5,"minecraft:water_bucket":1,"minecraft:diorite":13,"minecraft:stone_sword":67,"minecraft:stone_pickaxe":58,"minecraft:chest":1,"minecraft:wooden_pickaxe":8,"vanillaplustools:stone_hammer":26,"minecraft:rotten_flesh":5,"minecraft:torch":50,"minecraft:mutton":3,"minecraft:crafting_table":10,"minecraft:white_bed":4,"minecraft:stone_axe":70,"minecraft:cobblestone":13,"minecraft:beef":2,"minecraft:furnace":6,"minecraft:bucket":2,"minecraft:egg":1,"minecraft:cooked_beef":6},"minecraft:dropped":{"minecraft:feather":1,"minecraft:rotten_flesh":2,"minecraft:light_gray_wool":1,"minecraft:rose_bush":7,"minecraft:oak_sapling":1,"minecraft:stone_pickaxe":1,"minecraft:wooden_pickaxe":1,"minecraft:white_wool":1}},"DataVersion":2975}