{"stats":{"minecraft:killed":{"minecraft:cave_spider":2,"minecraft:witch":1,"minecraft:spider":1,"minecraft:sheep":12,"minecraft:skeleton":4,"minecraft:zombie":14,"minecraft:chicken":5,"minecraft:cow":14},"minecraft:picked_up":{"minecraft:birch_log":1,"minecraft:glow_ink_sac":2,"minecraft:crafting_table":8,"minecraft:feather":5,"minecraft:chicken":5,"minecraft:andesite":62,"minecraft:leather":8,"minecraft:tuff":12,"minecraft:oak_log":20,"minecraft:string":36,"minecraft:dirt":1,"minecraft:raw_copper":15,"minecraft:bone":4,"minecraft:cobbled_deepslate":146,"minecraft:beef":24,"minecraft:rose_bush":7,"minecraft:light_gray_wool":1,"minecraft:oak_planks":9,"minecraft:furnace":4,"minecraft:egg":1,"minecraft:raw_iron":186,"minecraft:oak_fence":2,"minecraft:torch":47,"minecraft:gravel":3,"minecraft:blast_furnace":2,"minecraft:diorite":59,"minecraft:carrot":1,"minecraft:white_bed":2,"minecraft:spider_eye":1,"minecraft:arrow":3,"minecraft:rotten_flesh":16,"minecraft:granite":27,"minecraft:oak_sapling":1,"minecraft:mutton":18,"minecraft:coal":162,"minecraft:rail":1,"minecraft:white_wool":11,"minecraft:cobblestone":494},"minecraft:crafted":{"minecraft:cooked_beef":22,"minecraft:oak_planks":72,"minecraft:smooth_stone":6,"vanillaplustools:stone_hammer":1,"minecraft:crafting_table":2,"minecraft:iron_helmet":1,"minecraft:wooden_pickaxe":1,"minecraft:cooked_chicken":5,"minecraft:furnace":4,"minecraft:blast_furnace":2,"minecraft:stone":6,"minecraft:bucket":1,"minecraft:birch_planks":4,"minecraft:stone_axe":1,"minecraft:cooked_mutton":15,"spartanshields:iron_basic_shield":1,"vanillaplustools:iron_hammer":1,"minecraft:iron_boots":1,"minecraft:iron_chestplate":1,"minecraft:iron_axe":1,"minecraft:stick":108,"minecraft:iron_ingot":111,"minecraft:iron_pickaxe":9,"minecraft:stone_pickaxe":10,"minecraft:iron_block":2,"minecraft:stone_sword":1,"minecraft:chest":1,"minecraft:iron_leggings":1,"spartanshields:wooden_basic_shield":1,"minecraft:white_bed":2,"minecraft:torch":248},"minecraft:broken":{"vanillaplustools:stone_hammer":1,"minecraft:stone_sword":1},"minecraft:custom":{"spartanshields:shield_bash_hits":2,"minecraft:interact_with_furnace":51,"minecraft:mob_kills":53,"minecraft:interact_with_crafting_table":33,"minecraft:time_since_death":80047,"minecraft:sleep_in_bed":3,"minecraft:time_since_rest":44734,"minecraft:sprint_one_cm":170947,"minecraft:damage_taken":1859,"minecraft:walk_one_cm":226315,"minecraft:damage_blocked_by_shield":620,"minecraft:drop":26,"minecraft:damage_dealt":7107,"minecraft:swim_one_cm":33742,"minecraft:fly_one_cm":139912,"minecraft:open_chest":11,"minecraft:crouch_one_cm":4232,"minecraft:play_time":80047,"minecraft:sneak_time":2065,"minecraft:walk_under_water_one_cm":20693,"minecraft:jump":1449,"minecraft:interact_with_blast_furnace":31,"minecraft:walk_on_water_one_cm":17432,"minecraft:total_world_time":80047,"minecraft:fall_one_cm":22989},"minecraft:mined":{"minecraft:tuff":12,"minecraft:white_bed":2,"minecraft:crafting_table":8,"minecraft:torch":1,"minecraft:granite":31,"minecraft:blast_furnace":2,"minecraft:grass_block":1,"minecraft:rose_bush":7,"minecraft:copper_ore":2,"minecraft:cobblestone":4,"minecraft:oak_planks":9,"minecraft:diorite":66,"minecraft:spawner":1,"minecraft:deepslate_copper_ore":2,"minecraft:furnace":4,"minecraft:iron_ore":139,"minecraft:andesite":66,"minecraft:grass":12,"minecraft:oak_log":20,"minecraft:coal_ore":97,"minecraft:deepslate_iron_ore":52,"minecraft:gravel":2,"minecraft:cobweb":35,"minecraft:stone":501,"minecraft:deepslate":150,"minecraft:oak_leaves":1},"minecraft:used":{"minecraft:cooked_mutton":15,"minecraft:water_bucket":3,"minecraft:diorite":13,"minecraft:stone_sword":105,"minecraft:stone_pickaxe":58,"minecraft:chest":1,"minecraft:wooden_pickaxe":8,"vanillaplustools:stone_hammer":131,"minecraft:rotten_flesh":5,"minecraft:torch":187,"minecraft:mutton":3,"minecraft:crafting_table":10,"minecraft:blast_furnace":3,"minecraft:white_bed":4,"minecraft:lava_bucket":1,"minecraft:iron_axe":37,"minecraft:stone_axe":76,"minecraft:cobblestone":66,"spartanshields:iron_basic_shield":31,"minecraft:beef":2,"travelersbackpack:standard":1,"vanillaplustools:iron_hammer":26,"minecraft:furnace":6,"minecraft:bucket":5,"minecraft:egg":1,"minecraft:cooked_beef":7,"minecraft:cobbled_deepslate":39},"minecraft:dropped":{"minecraft:gravel":3,"minecraft:stone_axe":1,"minecraft:cobbled_deepslate":41,"minecraft:raw_copper":8,"minecraft:tuff":11,"minecraft:feather":1,"minecraft:cobblestone":257,"minecraft:rotten_flesh":4,"minecraft:light_gray_wool":1,"minecraft:granite":19,"minecraft:diorite":26,"minecraft:andesite":15,"minecraft:rose_bush":7,"minecraft:oak_sapling":1,"minecraft:stone_pickaxe":1,"minecraft:wooden_pickaxe":1,"minecraft:white_wool":1}},"DataVersion":2975}