{"stats":{"minecraft:used":{"minecraft:oak_trapdoor":3,"minecraft:stone_sword":105,"minecraft:iron_shovel":259,"minecraft:chest":5,"vanillaplustools:stone_hammer":131,"minecraft:rotten_flesh":5,"minecraft:torch":456,"minecraft:anvil":2,"minecraft:dirt":115,"minecraft:mutton":3,"minecraft:tuff":15,"minecraft:carrot":171,"minecraft:iron_hoe":90,"minecraft:glass":93,"minecraft:lava_bucket":1,"minecraft:iron_axe":406,"minecraft:beef":2,"minecraft:bow":16,"spartanshields:iron_basic_shield":100,"minecraft:furnace":8,"minecraft:minecart":16,"minecraft:egg":1,"minecraft:cooked_beef":22,"minecraft:cobbled_deepslate":69,"minecraft:cooked_mutton":15,"minecraft:water_bucket":32,"minecraft:diorite":13,"minecraft:powered_rail":19,"minecraft:oak_planks":53,"minecraft:stone_pickaxe":58,"minecraft:wooden_pickaxe":8,"minecraft:composter":3,"minecraft:diamond_axe":189,"minecraft:rail":118,"minecraft:oak_slab":1,"minecraft:crafting_table":15,"minecraft:blast_furnace":5,"minecraft:white_bed":9,"minecraft:smoker":1,"minecraft:redstone_torch":31,"minecraft:oak_log":2,"minecraft:wooden_hoe":59,"minecraft:activator_rail":34,"minecraft:bread":44,"minecraft:stone_axe":76,"travelersbackpack:standard":3,"minecraft:cobblestone":298,"vanillaplustools:iron_hammer":282,"minecraft:bucket":39,"minecraft:yellow_bed":1,"minecraft:oak_boat":10,"minecraft:bone_meal":33},"minecraft:mined":{"minecraft:tuff":74,"minecraft:white_bed":7,"minecraft:mossy_cobblestone":1,"minecraft:deepslate_diamond_ore":21,"minecraft:oak_door":1,"minecraft:granite":46,"minecraft:grass_block":139,"minecraft:composter":2,"minecraft:spawner":2,"minecraft:hay_block":17,"minecraft:carrots":56,"minecraft:furnace":6,"minecraft:iron_ore":168,"minecraft:andesite":68,"minecraft:anvil":2,"minecraft:oak_stairs":1,"minecraft:potatoes":2,"minecraft:deepslate_iron_ore":55,"minecraft:water_cauldron":4,"minecraft:dirt_path":11,"minecraft:rail":108,"minecraft:stripped_oak_log":1,"minecraft:stone":760,"minecraft:redstone_wall_torch":3,"minecraft:smoker":2,"minecraft:clay":1,"minecraft:crafting_table":12,"minecraft:torch":3,"minecraft:blast_furnace":5,"minecraft:calcite":3,"minecraft:rose_bush":7,"minecraft:glass":3,"minecraft:copper_ore":2,"minecraft:tall_grass":15,"minecraft:cobblestone":128,"minecraft:deepslate_gold_ore":60,"minecraft:oak_planks":55,"minecraft:diorite":71,"minecraft:deepslate_copper_ore":2,"minecraft:powered_rail":17,"minecraft:cobblestone_wall":1,"minecraft:redstone_torch":23,"minecraft:wheat":4,"minecraft:activator_rail":32,"minecraft:yellow_bed":1,"minecraft:grass":62,"minecraft:oak_log":206,"minecraft:coal_ore":146,"minecraft:beetroots":3,"minecraft:sand":105,"minecraft:sunflower":5,"minecraft:gravel":2,"minecraft:dirt":14,"minecraft:cobweb":35,"minecraft:smooth_basalt":25,"minecraft:stonecutter":1,"minecraft:oak_leaves":30,"minecraft:deepslate":434},"minecraft:broken":{"minecraft:stone_sword":1,"vanillaplustools:stone_hammer":1,"minecraft:iron_axe":2,"minecraft:iron_helmet":1,"minecraft:wooden_hoe":1},"minecraft:killed_by":{"minecraft:skeleton":1},"minecraft:picked_up":{"minecraft:crafting_table":13,"minecraft:anvil":2,"minecraft:chicken":5,"minecraft:clay_ball":4,"minecraft:oak_stairs":1,"minecraft:string":48,"minecraft:raw_copper":15,"minecraft:beetroot":1,"minecraft:activator_rail":33,"minecraft:cobbled_deepslate":413,"minecraft:detector_rail":4,"minecraft:beef":31,"minecraft:oak_boat":10,"minecraft:rose_bush":7,"minecraft:redstone_torch":29,"minecraft:calcite":3,"minecraft:light_gray_wool":1,"minecraft:poppy":3,"minecraft:minecart":17,"minecraft:chest":1,"minecraft:furnace":6,"minecraft:egg":1,"minecraft:stick":3,"minecraft:raw_iron":215,"minecraft:oak_door":1,"minecraft:composter":2,"minecraft:oak_fence":5,"minecraft:torch":62,"minecraft:porkchop":2,"minecraft:diorite":60,"minecraft:carrot":166,"minecraft:redstone":631,"minecraft:rotten_flesh":49,"minecraft:arrow":21,"minecraft:beetroot_seeds":6,"minecraft:hay_block":17,"minecraft:gold_ingot":18,"minecraft:mutton":25,"minecraft:rail":130,"minecraft:white_wool":15,"minecraft:cobblestone":851,"minecraft:stripped_oak_log":2,"minecraft:birch_log":1,"minecraft:feather":5,"minecraft:glow_ink_sac":2,"minecraft:andesite":62,"minecraft:salmon":2,"minecraft:leather":14,"minecraft:smoker":2,"minecraft:potato":2,"minecraft:tuff":64,"minecraft:oak_log":202,"minecraft:yellow_bed":1,"minecraft:cobblestone_wall":1,"minecraft:gunpowder":4,"minecraft:dirt":159,"minecraft:bone":21,"minecraft:bow":2,"minecraft:wheat_seeds":18,"minecraft:raw_gold":68,"minecraft:iron_ingot":16,"minecraft:powered_rail":19,"minecraft:oak_planks":57,"minecraft:smooth_basalt":25,"minecraft:gravel":3,"minecraft:sand":97,"minecraft:blast_furnace":5,"minecraft:white_bed":7,"minecraft:grass_block":1,"minecraft:spider_eye":5,"minecraft:mossy_cobblestone":1,"travelersbackpack:standard":1,"minecraft:pumpkin_seeds":4,"minecraft:slime_ball":3,"minecraft:diamond":34,"minecraft:granite":42,"minecraft:golden_apple":1,"minecraft:oak_sapling":1,"minecraft:coal":287,"minecraft:sunflower":4},"minecraft:killed":{"minecraft:cave_spider":6,"minecraft:witch":1,"minecraft:spider":10,"minecraft:skeleton":23,"minecraft:chicken":5,"minecraft:pig":1,"minecraft:zombie_villager":1,"minecraft:salmon":4,"minecraft:iron_golem":3,"minecraft:creeper":3,"minecraft:sheep":16,"minecraft:zombie":42,"minecraft:villager":2,"minecraft:enderman":1,"minecraft:cow":18},"minecraft:crafted":{"minecraft:smooth_stone":6,"minecraft:oak_planks":176,"minecraft:redstone":18,"vanillaplustools:stone_hammer":1,"minecraft:cooked_chicken":5,"minecraft:furnace":6,"minecraft:blast_furnace":2,"minecraft:stone":6,"minecraft:bone_meal":33,"minecraft:cooked_mutton":22,"minecraft:oak_trapdoor":4,"spartanshields:iron_basic_shield":1,"minecraft:glass":97,"vanillaplustools:iron_hammer":1,"minecraft:bow":1,"minecraft:iron_boots":1,"minecraft:iron_axe":2,"minecraft:iron_hoe":1,"minecraft:stone_pickaxe":10,"minecraft:chest":4,"minecraft:redstone_block":70,"minecraft:rail":64,"minecraft:lead":2,"minecraft:wheat":153,"minecraft:minecart":2,"minecraft:cooked_beef":29,"minecraft:oak_slab":18,"minecraft:cooked_porkchop":2,"minecraft:diamond_axe":1,"minecraft:crafting_table":3,"minecraft:baked_potato":9,"minecraft:powered_rail":18,"minecraft:wooden_pickaxe":1,"minecraft:iron_helmet":1,"minecraft:activator_rail":18,"minecraft:bucket":1,"minecraft:birch_planks":4,"minecraft:stone_axe":1,"minecraft:bread":50,"minecraft:air":0,"minecraft:oak_boat":1,"minecraft:iron_chestplate":1,"minecraft:wooden_hoe":1,"minecraft:stick":188,"minecraft:iron_ingot":264,"minecraft:iron_pickaxe":9,"minecraft:iron_block":15,"minecraft:stone_sword":1,"minecraft:iron_shovel":1,"minecraft:anvil":1,"minecraft:iron_leggings":1,"spartanshields:wooden_basic_shield":1,"minecraft:white_bed":2,"minecraft:redstone_torch":25,"minecraft:composter":1,"minecraft:torch":376},"minecraft:dropped":{"minecraft:oak_slab":5,"minecraft:wheat_seeds":15,"minecraft:mossy_cobblestone":1,"minecraft:minecart":1,"minecraft:oak_fence":1,"minecraft:feather":1,"minecraft:cobblestone":274,"minecraft:granite":34,"travelersbackpack:standard":1,"minecraft:grass_block":1,"minecraft:rail":12,"minecraft:dirt":43,"minecraft:diorite":26,"minecraft:torch":2,"minecraft:rose_bush":7,"minecraft:sunflower":3,"minecraft:string":4,"minecraft:white_wool":5,"minecraft:gravel":3,"minecraft:stone_axe":1,"minecraft:oak_trapdoor":1,"minecraft:detector_rail":4,"minecraft:cobblestone_wall":1,"minecraft:cobbled_deepslate":41,"minecraft:raw_copper":8,"minecraft:tuff":11,"minecraft:beetroot":1,"minecraft:rotten_flesh":6,"minecraft:light_gray_wool":1,"minecraft:clay_ball":4,"minecraft:oak_planks":4,"minecraft:stripped_oak_log":2,"minecraft:carrot":38,"minecraft:pumpkin_seeds":4,"minecraft:poppy":3,"minecraft:gunpowder":2,"minecraft:andesite":15,"minecraft:oak_sapling":1,"minecraft:spider_eye":1,"minecraft:wooden_pickaxe":1,"minecraft:stone_pickaxe":1},"minecraft:custom":{"minecraft:interact_with_anvil":3,"minecraft:mob_kills":140,"minecraft:animals_bred":1,"minecraft:interact_with_crafting_table":75,"minecraft:bell_ring":2,"minecraft:leave_game":3,"minecraft:time_since_death":349,"minecraft:climb_one_cm":2255,"minecraft:sprint_one_cm":684986,"minecraft:walk_one_cm":923322,"minecraft:damage_blocked_by_shield":2690,"minecraft:drop":100,"minecraft:talked_to_villager":16,"minecraft:deaths":1,"minecraft:play_time":294909,"minecraft:sneak_time":8117,"minecraft:walk_under_water_one_cm":39870,"minecraft:boat_one_cm":170630,"minecraft:jump":6070,"minecraft:interact_with_blast_furnace":65,"minecraft:walk_on_water_one_cm":54194,"minecraft:total_world_time":294909,"minecraft:interact_with_furnace":79,"spartanshields:shield_bash_hits":5,"minecraft:sleep_in_bed":8,"minecraft:time_since_rest":380,"minecraft:damage_taken":4914,"minecraft:minecart_one_cm":688,"minecraft:damage_dealt":23948,"minecraft:swim_one_cm":37910,"minecraft:fly_one_cm":615519,"minecraft:open_chest":33,"minecraft:crouch_one_cm":18582,"minecraft:interact_with_smoker":11,"minecraft:fall_one_cm":82781}},"DataVersion":2975}