{"stats":{"minecraft:crafted":{"minecraft:smooth_stone":6,"minecraft:oak_planks":128,"vanillaplustools:stone_hammer":1,"minecraft:cooked_chicken":5,"minecraft:furnace":6,"minecraft:blast_furnace":2,"minecraft:stone":6,"minecraft:bone_meal":18,"minecraft:cooked_mutton":15,"spartanshields:iron_basic_shield":1,"minecraft:glass":71,"vanillaplustools:iron_hammer":1,"minecraft:bow":1,"minecraft:iron_boots":1,"minecraft:iron_axe":2,"minecraft:stone_pickaxe":10,"minecraft:chest":1,"minecraft:redstone_block":70,"minecraft:rail":64,"minecraft:lead":2,"minecraft:minecart":1,"minecraft:cooked_beef":22,"minecraft:oak_slab":6,"minecraft:crafting_table":3,"minecraft:activator_rail":18,"minecraft:wooden_pickaxe":1,"minecraft:iron_helmet":1,"minecraft:birch_planks":4,"minecraft:bucket":1,"minecraft:stone_axe":1,"minecraft:air":0,"minecraft:oak_boat":1,"minecraft:iron_chestplate":1,"minecraft:wooden_hoe":1,"minecraft:stick":132,"minecraft:iron_ingot":246,"minecraft:iron_pickaxe":9,"minecraft:iron_block":15,"minecraft:stone_sword":1,"minecraft:iron_shovel":1,"minecraft:anvil":1,"minecraft:iron_leggings":1,"spartanshields:wooden_basic_shield":1,"minecraft:white_bed":2,"minecraft:redstone_torch":8,"minecraft:torch":248},"minecraft:used":{"minecraft:stone_sword":105,"minecraft:iron_shovel":226,"minecraft:chest":1,"vanillaplustools:stone_hammer":131,"minecraft:rotten_flesh":5,"minecraft:torch":227,"minecraft:dirt":109,"minecraft:mutton":3,"minecraft:carrot":57,"minecraft:glass":71,"minecraft:lava_bucket":1,"minecraft:iron_axe":390,"minecraft:beef":2,"minecraft:bow":8,"spartanshields:iron_basic_shield":39,"minecraft:furnace":8,"minecraft:minecart":6,"minecraft:egg":1,"minecraft:cooked_beef":22,"minecraft:cobbled_deepslate":39,"minecraft:cooked_mutton":15,"minecraft:water_bucket":17,"minecraft:diorite":13,"minecraft:oak_planks":44,"minecraft:stone_pickaxe":58,"minecraft:wooden_pickaxe":8,"minecraft:rail":79,"minecraft:oak_slab":1,"minecraft:crafting_table":14,"minecraft:blast_furnace":5,"minecraft:white_bed":5,"minecraft:redstone_torch":7,"minecraft:wooden_hoe":59,"minecraft:activator_rail":21,"minecraft:bread":4,"minecraft:stone_axe":76,"travelersbackpack:standard":2,"minecraft:cobblestone":214,"vanillaplustools:iron_hammer":143,"minecraft:bucket":19,"minecraft:oak_boat":4,"minecraft:bone_meal":18},"minecraft:killed":{"minecraft:cave_spider":2,"minecraft:witch":1,"minecraft:spider":6,"minecraft:skeleton":8,"minecraft:chicken":5,"minecraft:zombie_villager":1,"minecraft:salmon":4,"minecraft:iron_golem":3,"minecraft:creeper":1,"minecraft:sheep":16,"minecraft:zombie":15,"minecraft:villager":1,"minecraft:cow":18},"minecraft:custom":{"minecraft:mob_kills":81,"minecraft:interact_with_crafting_table":62,"minecraft:bell_ring":2,"minecraft:leave_game":3,"minecraft:time_since_death":193014,"minecraft:climb_one_cm":2255,"minecraft:sprint_one_cm":412306,"minecraft:walk_one_cm":527089,"minecraft:damage_blocked_by_shield":900,"minecraft:drop":51,"minecraft:talked_to_villager":6,"minecraft:play_time":193014,"minecraft:sneak_time":5422,"minecraft:walk_under_water_one_cm":35487,"minecraft:boat_one_cm":137416,"minecraft:jump":4435,"minecraft:interact_with_blast_furnace":65,"minecraft:walk_on_water_one_cm":45220,"minecraft:total_world_time":193014,"minecraft:interact_with_furnace":74,"spartanshields:shield_bash_hits":2,"minecraft:sleep_in_bed":6,"minecraft:time_since_rest":22032,"minecraft:damage_taken":2939,"minecraft:damage_dealt":13308,"minecraft:swim_one_cm":36826,"minecraft:fly_one_cm":408616,"minecraft:open_chest":20,"minecraft:crouch_one_cm":13313,"minecraft:interact_with_smoker":1,"minecraft:fall_one_cm":48467},"minecraft:broken":{"minecraft:stone_sword":1,"vanillaplustools:stone_hammer":1,"minecraft:iron_axe":1,"minecraft:wooden_hoe":1},"minecraft:dropped":{"minecraft:wheat_seeds":14,"minecraft:mossy_cobblestone":1,"minecraft:minecart":1,"minecraft:oak_fence":1,"minecraft:feather":1,"minecraft:cobblestone":269,"minecraft:granite":34,"minecraft:rail":12,"minecraft:dirt":29,"minecraft:diorite":26,"minecraft:torch":1,"minecraft:rose_bush":7,"minecraft:sunflower":3,"minecraft:string":4,"minecraft:white_wool":5,"minecraft:gravel":3,"minecraft:stone_axe":1,"minecraft:detector_rail":4,"minecraft:cobblestone_wall":1,"minecraft:cobbled_deepslate":41,"minecraft:raw_copper":8,"minecraft:tuff":11,"minecraft:beetroot":1,"minecraft:rotten_flesh":6,"minecraft:light_gray_wool":1,"minecraft:clay_ball":4,"minecraft:oak_planks":2,"minecraft:pumpkin_seeds":4,"minecraft:poppy":3,"minecraft:gunpowder":2,"minecraft:andesite":15,"minecraft:oak_sapling":1,"minecraft:spider_eye":1,"minecraft:wooden_pickaxe":1,"minecraft:stone_pickaxe":1},"minecraft:mined":{"minecraft:tuff":12,"minecraft:white_bed":3,"minecraft:mossy_cobblestone":1,"minecraft:granite":46,"minecraft:grass_block":139,"minecraft:composter":1,"minecraft:spawner":1,"minecraft:hay_block":11,"minecraft:furnace":4,"minecraft:carrots":20,"minecraft:iron_ore":164,"minecraft:andesite":66,"minecraft:potatoes":2,"minecraft:deepslate_iron_ore":52,"minecraft:water_cauldron":4,"minecraft:dirt_path":5,"minecraft:rail":57,"minecraft:stone":701,"minecraft:smoker":1,"minecraft:clay":1,"minecraft:crafting_table":10,"minecraft:torch":1,"minecraft:blast_furnace":5,"minecraft:rose_bush":7,"minecraft:tall_grass":7,"minecraft:copper_ore":2,"minecraft:cobblestone":45,"minecraft:oak_planks":23,"minecraft:diorite":66,"minecraft:deepslate_copper_ore":2,"minecraft:cobblestone_wall":1,"minecraft:redstone_torch":4,"minecraft:wheat":4,"minecraft:activator_rail":15,"minecraft:grass":46,"minecraft:oak_log":204,"minecraft:coal_ore":128,"minecraft:beetroots":3,"minecraft:sunflower":5,"minecraft:gravel":2,"minecraft:sand":75,"minecraft:dirt":14,"minecraft:cobweb":35,"minecraft:stonecutter":1,"minecraft:oak_leaves":30,"minecraft:deepslate":150},"minecraft:picked_up":{"minecraft:crafting_table":11,"minecraft:chicken":5,"minecraft:clay_ball":4,"minecraft:string":42,"minecraft:raw_copper":15,"minecraft:beetroot":1,"minecraft:activator_rail":17,"minecraft:cobbled_deepslate":146,"minecraft:detector_rail":4,"minecraft:beef":31,"minecraft:redstone_torch":7,"minecraft:oak_boat":4,"minecraft:rose_bush":7,"minecraft:light_gray_wool":1,"minecraft:poppy":3,"minecraft:minecart":7,"minecraft:chest":1,"minecraft:furnace":4,"minecraft:egg":1,"minecraft:stick":3,"minecraft:raw_iron":210,"minecraft:composter":1,"minecraft:oak_fence":3,"minecraft:torch":53,"minecraft:diorite":59,"minecraft:carrot":47,"minecraft:redstone":631,"minecraft:rotten_flesh":20,"minecraft:arrow":8,"minecraft:beetroot_seeds":6,"minecraft:hay_block":11,"minecraft:mutton":25,"minecraft:rail":72,"minecraft:white_wool":15,"minecraft:cobblestone":719,"minecraft:birch_log":1,"minecraft:feather":5,"minecraft:glow_ink_sac":2,"minecraft:andesite":62,"minecraft:salmon":2,"minecraft:leather":14,"minecraft:smoker":1,"minecraft:potato":2,"minecraft:tuff":12,"minecraft:oak_log":200,"minecraft:cobblestone_wall":1,"minecraft:gunpowder":2,"minecraft:dirt":153,"minecraft:bone":8,"minecraft:wheat_seeds":15,"minecraft:iron_ingot":16,"minecraft:oak_planks":24,"minecraft:gravel":3,"minecraft:sand":71,"minecraft:blast_furnace":5,"minecraft:white_bed":3,"minecraft:spider_eye":2,"minecraft:mossy_cobblestone":1,"minecraft:pumpkin_seeds":4,"minecraft:slime_ball":3,"minecraft:diamond":1,"minecraft:granite":42,"minecraft:golden_apple":1,"minecraft:oak_sapling":1,"minecraft:coal":234,"minecraft:sunflower":4}},"DataVersion":2975}