{"stats":{"minecraft:killed":{"minecraft:cave_spider":2,"minecraft:witch":1,"minecraft:spider":4,"minecraft:skeleton":7,"minecraft:chicken":5,"minecraft:salmon":4,"minecraft:iron_golem":3,"minecraft:creeper":1,"minecraft:sheep":16,"minecraft:zombie":15,"minecraft:villager":1,"minecraft:cow":18},"minecraft:picked_up":{"minecraft:crafting_table":11,"minecraft:clay_ball":4,"minecraft:chicken":5,"minecraft:string":40,"minecraft:raw_copper":15,"minecraft:beetroot":1,"minecraft:cobbled_deepslate":146,"minecraft:detector_rail":4,"minecraft:beef":31,"minecraft:oak_boat":3,"minecraft:rose_bush":7,"minecraft:poppy":3,"minecraft:light_gray_wool":1,"minecraft:minecart":3,"minecraft:chest":1,"minecraft:egg":1,"minecraft:furnace":4,"minecraft:raw_iron":210,"minecraft:composter":1,"minecraft:oak_fence":3,"minecraft:torch":51,"minecraft:diorite":59,"minecraft:carrot":47,"minecraft:arrow":8,"minecraft:rotten_flesh":18,"minecraft:beetroot_seeds":6,"minecraft:hay_block":11,"minecraft:mutton":25,"minecraft:white_wool":15,"minecraft:rail":29,"minecraft:cobblestone":707,"minecraft:birch_log":1,"minecraft:feather":5,"minecraft:glow_ink_sac":2,"minecraft:salmon":2,"minecraft:andesite":62,"minecraft:leather":14,"minecraft:smoker":1,"minecraft:potato":2,"minecraft:tuff":12,"minecraft:oak_log":32,"minecraft:cobblestone_wall":1,"minecraft:gunpowder":2,"minecraft:dirt":136,"minecraft:bone":6,"minecraft:wheat_seeds":14,"minecraft:iron_ingot":16,"minecraft:oak_planks":20,"minecraft:gravel":3,"minecraft:sand":71,"minecraft:blast_furnace":5,"minecraft:white_bed":3,"minecraft:spider_eye":2,"minecraft:mossy_cobblestone":1,"minecraft:pumpkin_seeds":4,"minecraft:diamond":1,"minecraft:granite":42,"minecraft:golden_apple":1,"minecraft:oak_sapling":1,"minecraft:coal":234,"minecraft:sunflower":4},"minecraft:crafted":{"minecraft:smooth_stone":6,"minecraft:oak_planks":128,"vanillaplustools:stone_hammer":1,"minecraft:cooked_chicken":5,"minecraft:furnace":6,"minecraft:blast_furnace":2,"minecraft:stone":6,"minecraft:bone_meal":18,"minecraft:cooked_mutton":15,"spartanshields:iron_basic_shield":1,"minecraft:glass":71,"vanillaplustools:iron_hammer":1,"minecraft:iron_boots":1,"minecraft:bow":1,"minecraft:iron_axe":2,"minecraft:stone_pickaxe":10,"minecraft:chest":1,"minecraft:rail":64,"minecraft:minecart":1,"minecraft:cooked_beef":22,"minecraft:oak_slab":6,"minecraft:crafting_table":2,"minecraft:wooden_pickaxe":1,"minecraft:iron_helmet":1,"minecraft:bucket":1,"minecraft:birch_planks":4,"minecraft:stone_axe":1,"minecraft:air":0,"minecraft:oak_boat":1,"minecraft:iron_chestplate":1,"minecraft:wooden_hoe":1,"minecraft:stick":128,"minecraft:iron_ingot":228,"minecraft:iron_pickaxe":9,"minecraft:stone_sword":1,"minecraft:iron_block":15,"minecraft:iron_shovel":1,"minecraft:iron_leggings":1,"spartanshields:wooden_basic_shield":1,"minecraft:anvil":1,"minecraft:white_bed":2,"minecraft:torch":248},"minecraft:broken":{"minecraft:stone_sword":1,"vanillaplustools:stone_hammer":1,"minecraft:iron_axe":1,"minecraft:wooden_hoe":1},"minecraft:custom":{"minecraft:mob_kills":77,"minecraft:interact_with_crafting_table":56,"minecraft:bell_ring":2,"minecraft:leave_game":1,"minecraft:time_since_death":158632,"minecraft:climb_one_cm":2255,"minecraft:sprint_one_cm":369057,"minecraft:walk_one_cm":431897,"minecraft:damage_blocked_by_shield":850,"minecraft:drop":45,"minecraft:talked_to_villager":5,"minecraft:play_time":158632,"minecraft:sneak_time":4090,"minecraft:walk_under_water_one_cm":35487,"minecraft:boat_one_cm":71054,"minecraft:jump":4003,"minecraft:interact_with_blast_furnace":65,"minecraft:walk_on_water_one_cm":44086,"minecraft:total_world_time":158632,"minecraft:interact_with_furnace":74,"spartanshields:shield_bash_hits":2,"minecraft:sleep_in_bed":5,"minecraft:time_since_rest":20131,"minecraft:damage_taken":2610,"minecraft:damage_dealt":12599,"minecraft:swim_one_cm":36826,"minecraft:fly_one_cm":355160,"minecraft:open_chest":18,"minecraft:crouch_one_cm":9932,"minecraft:interact_with_smoker":1,"minecraft:fall_one_cm":43128},"minecraft:mined":{"minecraft:tuff":12,"minecraft:white_bed":3,"minecraft:mossy_cobblestone":1,"minecraft:granite":46,"minecraft:grass_block":133,"minecraft:composter":1,"minecraft:spawner":1,"minecraft:hay_block":11,"minecraft:carrots":19,"minecraft:furnace":4,"minecraft:iron_ore":164,"minecraft:andesite":66,"minecraft:potatoes":2,"minecraft:dirt_path":3,"minecraft:water_cauldron":4,"minecraft:deepslate_iron_ore":52,"minecraft:rail":17,"minecraft:stone":701,"minecraft:smoker":1,"minecraft:clay":1,"minecraft:crafting_table":10,"minecraft:torch":1,"minecraft:blast_furnace":5,"minecraft:rose_bush":7,"minecraft:tall_grass":6,"minecraft:copper_ore":2,"minecraft:cobblestone":34,"minecraft:oak_planks":21,"minecraft:diorite":66,"minecraft:deepslate_copper_ore":2,"minecraft:cobblestone_wall":1,"minecraft:wheat":4,"minecraft:grass":43,"minecraft:coal_ore":128,"minecraft:oak_log":33,"minecraft:beetroots":3,"minecraft:sand":75,"minecraft:dirt":8,"minecraft:sunflower":5,"minecraft:gravel":2,"minecraft:cobweb":35,"minecraft:stonecutter":1,"minecraft:oak_leaves":1,"minecraft:deepslate":150},"minecraft:used":{"minecraft:stone_sword":105,"minecraft:iron_shovel":226,"minecraft:chest":1,"vanillaplustools:stone_hammer":131,"minecraft:rotten_flesh":5,"minecraft:torch":227,"minecraft:dirt":108,"minecraft:mutton":3,"minecraft:carrot":57,"minecraft:glass":71,"minecraft:lava_bucket":1,"minecraft:iron_axe":175,"minecraft:beef":2,"minecraft:bow":8,"spartanshields:iron_basic_shield":37,"minecraft:furnace":8,"minecraft:minecart":2,"minecraft:egg":1,"minecraft:cooked_beef":21,"minecraft:cobbled_deepslate":39,"minecraft:cooked_mutton":15,"minecraft:water_bucket":13,"minecraft:diorite":13,"minecraft:oak_planks":43,"minecraft:stone_pickaxe":58,"minecraft:wooden_pickaxe":8,"minecraft:rail":69,"minecraft:oak_slab":1,"minecraft:crafting_table":13,"minecraft:blast_furnace":5,"minecraft:white_bed":5,"minecraft:wooden_hoe":59,"minecraft:stone_axe":76,"minecraft:cobblestone":196,"travelersbackpack:standard":2,"vanillaplustools:iron_hammer":93,"minecraft:bucket":15,"minecraft:oak_boat":3,"minecraft:bone_meal":18},"minecraft:dropped":{"minecraft:wheat_seeds":7,"minecraft:mossy_cobblestone":1,"minecraft:minecart":1,"minecraft:feather":1,"minecraft:oak_fence":1,"minecraft:cobblestone":269,"minecraft:granite":34,"minecraft:rail":12,"minecraft:dirt":11,"minecraft:diorite":26,"minecraft:rose_bush":7,"minecraft:sunflower":3,"minecraft:string":4,"minecraft:white_wool":5,"minecraft:gravel":3,"minecraft:stone_axe":1,"minecraft:detector_rail":4,"minecraft:cobblestone_wall":1,"minecraft:cobbled_deepslate":41,"minecraft:raw_copper":8,"minecraft:tuff":11,"minecraft:rotten_flesh":6,"minecraft:light_gray_wool":1,"minecraft:clay_ball":4,"minecraft:pumpkin_seeds":4,"minecraft:gunpowder":2,"minecraft:andesite":15,"minecraft:oak_sapling":1,"minecraft:spider_eye":1,"minecraft:wooden_pickaxe":1,"minecraft:stone_pickaxe":1}},"DataVersion":2975}