{"stats":{"minecraft:used":{"minecraft:oak_trapdoor":3,"minecraft:stone_sword":105,"minecraft:iron_shovel":259,"minecraft:chest":5,"vanillaplustools:stone_hammer":131,"minecraft:rotten_flesh":5,"minecraft:torch":257,"minecraft:dirt":115,"minecraft:mutton":3,"minecraft:carrot":171,"minecraft:iron_hoe":90,"minecraft:glass":93,"minecraft:lava_bucket":1,"minecraft:iron_axe":406,"minecraft:beef":2,"minecraft:bow":10,"spartanshields:iron_basic_shield":54,"minecraft:furnace":8,"minecraft:minecart":16,"minecraft:egg":1,"minecraft:cooked_beef":22,"minecraft:cobbled_deepslate":39,"minecraft:cooked_mutton":15,"minecraft:water_bucket":17,"minecraft:diorite":13,"minecraft:powered_rail":19,"minecraft:oak_planks":53,"minecraft:stone_pickaxe":58,"minecraft:wooden_pickaxe":8,"minecraft:composter":3,"minecraft:diamond_axe":60,"minecraft:rail":118,"minecraft:oak_slab":1,"minecraft:crafting_table":15,"minecraft:blast_furnace":5,"minecraft:white_bed":9,"minecraft:smoker":1,"minecraft:redstone_torch":31,"minecraft:oak_log":2,"minecraft:wooden_hoe":59,"minecraft:activator_rail":34,"minecraft:bread":18,"minecraft:stone_axe":76,"travelersbackpack:standard":2,"minecraft:cobblestone":294,"vanillaplustools:iron_hammer":201,"minecraft:bucket":19,"minecraft:yellow_bed":1,"minecraft:oak_boat":10,"minecraft:bone_meal":33},"minecraft:mined":{"minecraft:tuff":12,"minecraft:white_bed":7,"minecraft:mossy_cobblestone":1,"minecraft:oak_door":1,"minecraft:granite":46,"minecraft:grass_block":139,"minecraft:composter":2,"minecraft:spawner":1,"minecraft:hay_block":14,"minecraft:carrots":56,"minecraft:furnace":6,"minecraft:iron_ore":164,"minecraft:andesite":66,"minecraft:oak_stairs":1,"minecraft:potatoes":2,"minecraft:deepslate_iron_ore":52,"minecraft:water_cauldron":4,"minecraft:dirt_path":11,"minecraft:rail":108,"minecraft:stripped_oak_log":1,"minecraft:stone":701,"minecraft:redstone_wall_torch":3,"minecraft:smoker":1,"minecraft:clay":1,"minecraft:crafting_table":11,"minecraft:torch":1,"minecraft:blast_furnace":5,"minecraft:rose_bush":7,"minecraft:glass":3,"minecraft:copper_ore":2,"minecraft:tall_grass":15,"minecraft:cobblestone":118,"minecraft:oak_planks":55,"minecraft:diorite":66,"minecraft:deepslate_copper_ore":2,"minecraft:powered_rail":17,"minecraft:cobblestone_wall":1,"minecraft:redstone_torch":23,"minecraft:wheat":4,"minecraft:activator_rail":32,"minecraft:yellow_bed":1,"minecraft:grass":61,"minecraft:oak_log":206,"minecraft:coal_ore":128,"minecraft:beetroots":3,"minecraft:sand":105,"minecraft:sunflower":5,"minecraft:gravel":2,"minecraft:dirt":14,"minecraft:cobweb":35,"minecraft:stonecutter":1,"minecraft:oak_leaves":30,"minecraft:deepslate":150},"minecraft:broken":{"minecraft:stone_sword":1,"vanillaplustools:stone_hammer":1,"minecraft:iron_axe":2,"minecraft:wooden_hoe":1},"minecraft:picked_up":{"minecraft:crafting_table":12,"minecraft:chicken":5,"minecraft:clay_ball":4,"minecraft:oak_stairs":1,"minecraft:string":42,"minecraft:raw_copper":15,"minecraft:beetroot":1,"minecraft:activator_rail":33,"minecraft:cobbled_deepslate":146,"minecraft:detector_rail":4,"minecraft:beef":31,"minecraft:oak_boat":10,"minecraft:rose_bush":7,"minecraft:redstone_torch":29,"minecraft:light_gray_wool":1,"minecraft:poppy":3,"minecraft:minecart":17,"minecraft:chest":1,"minecraft:furnace":6,"minecraft:egg":1,"minecraft:stick":3,"minecraft:raw_iron":210,"minecraft:oak_door":1,"minecraft:composter":2,"minecraft:oak_fence":3,"minecraft:torch":54,"minecraft:porkchop":2,"minecraft:diorite":59,"minecraft:carrot":166,"minecraft:redstone":631,"minecraft:rotten_flesh":26,"minecraft:arrow":10,"minecraft:beetroot_seeds":6,"minecraft:hay_block":14,"minecraft:gold_ingot":18,"minecraft:mutton":25,"minecraft:rail":129,"minecraft:white_wool":15,"minecraft:cobblestone":790,"minecraft:stripped_oak_log":2,"minecraft:birch_log":1,"minecraft:feather":5,"minecraft:glow_ink_sac":2,"minecraft:andesite":62,"minecraft:salmon":2,"minecraft:leather":14,"minecraft:smoker":1,"minecraft:potato":2,"minecraft:tuff":12,"minecraft:oak_log":202,"minecraft:yellow_bed":1,"minecraft:cobblestone_wall":1,"minecraft:gunpowder":4,"minecraft:dirt":159,"minecraft:bone":11,"minecraft:bow":1,"minecraft:wheat_seeds":17,"minecraft:iron_ingot":16,"minecraft:powered_rail":19,"minecraft:oak_planks":56,"minecraft:gravel":3,"minecraft:sand":97,"minecraft:blast_furnace":5,"minecraft:white_bed":7,"minecraft:spider_eye":3,"minecraft:mossy_cobblestone":1,"minecraft:pumpkin_seeds":4,"minecraft:slime_ball":3,"minecraft:diamond":3,"minecraft:granite":42,"minecraft:golden_apple":1,"minecraft:oak_sapling":1,"minecraft:coal":253,"minecraft:sunflower":4},"minecraft:killed":{"minecraft:cave_spider":2,"minecraft:witch":1,"minecraft:spider":7,"minecraft:skeleton":10,"minecraft:chicken":5,"minecraft:pig":1,"minecraft:zombie_villager":1,"minecraft:salmon":4,"minecraft:iron_golem":3,"minecraft:creeper":2,"minecraft:sheep":16,"minecraft:zombie":21,"minecraft:villager":2,"minecraft:cow":18},"minecraft:crafted":{"minecraft:smooth_stone":6,"minecraft:oak_planks":164,"minecraft:redstone":18,"vanillaplustools:stone_hammer":1,"minecraft:cooked_chicken":5,"minecraft:furnace":6,"minecraft:blast_furnace":2,"minecraft:stone":6,"minecraft:bone_meal":33,"minecraft:cooked_mutton":15,"minecraft:oak_trapdoor":4,"spartanshields:iron_basic_shield":1,"minecraft:glass":97,"vanillaplustools:iron_hammer":1,"minecraft:bow":1,"minecraft:iron_boots":1,"minecraft:iron_axe":2,"minecraft:iron_hoe":1,"minecraft:stone_pickaxe":10,"minecraft:chest":4,"minecraft:redstone_block":70,"minecraft:rail":64,"minecraft:lead":2,"minecraft:wheat":108,"minecraft:minecart":2,"minecraft:cooked_beef":29,"minecraft:oak_slab":18,"minecraft:diamond_axe":1,"minecraft:crafting_table":3,"minecraft:powered_rail":18,"minecraft:wooden_pickaxe":1,"minecraft:iron_helmet":1,"minecraft:activator_rail":18,"minecraft:bucket":1,"minecraft:birch_planks":4,"minecraft:stone_axe":1,"minecraft:bread":33,"minecraft:air":0,"minecraft:oak_boat":1,"minecraft:iron_chestplate":1,"minecraft:wooden_hoe":1,"minecraft:stick":156,"minecraft:iron_ingot":255,"minecraft:iron_pickaxe":9,"minecraft:iron_block":15,"minecraft:stone_sword":1,"minecraft:iron_shovel":1,"minecraft:anvil":1,"minecraft:iron_leggings":1,"spartanshields:wooden_basic_shield":1,"minecraft:white_bed":2,"minecraft:redstone_torch":25,"minecraft:composter":1,"minecraft:torch":248},"minecraft:dropped":{"minecraft:oak_slab":5,"minecraft:wheat_seeds":15,"minecraft:mossy_cobblestone":1,"minecraft:minecart":1,"minecraft:oak_fence":1,"minecraft:feather":1,"minecraft:cobblestone":274,"minecraft:granite":34,"minecraft:rail":12,"minecraft:dirt":43,"minecraft:diorite":26,"minecraft:torch":2,"minecraft:rose_bush":7,"minecraft:sunflower":3,"minecraft:string":4,"minecraft:white_wool":5,"minecraft:gravel":3,"minecraft:stone_axe":1,"minecraft:oak_trapdoor":1,"minecraft:detector_rail":4,"minecraft:cobblestone_wall":1,"minecraft:cobbled_deepslate":41,"minecraft:raw_copper":8,"minecraft:tuff":11,"minecraft:beetroot":1,"minecraft:rotten_flesh":6,"minecraft:light_gray_wool":1,"minecraft:clay_ball":4,"minecraft:oak_planks":4,"minecraft:stripped_oak_log":2,"minecraft:carrot":38,"minecraft:pumpkin_seeds":4,"minecraft:poppy":3,"minecraft:gunpowder":2,"minecraft:andesite":15,"minecraft:oak_sapling":1,"minecraft:spider_eye":1,"minecraft:wooden_pickaxe":1,"minecraft:stone_pickaxe":1},"minecraft:custom":{"minecraft:mob_kills":94,"minecraft:animals_bred":1,"minecraft:interact_with_crafting_table":73,"minecraft:bell_ring":2,"minecraft:leave_game":3,"minecraft:time_since_death":246909,"minecraft:climb_one_cm":2255,"minecraft:sprint_one_cm":489214,"minecraft:walk_one_cm":690043,"minecraft:damage_blocked_by_shield":1195,"minecraft:drop":98,"minecraft:talked_to_villager":16,"minecraft:play_time":246909,"minecraft:sneak_time":7601,"minecraft:walk_under_water_one_cm":38051,"minecraft:boat_one_cm":170630,"minecraft:jump":5160,"minecraft:interact_with_blast_furnace":65,"minecraft:walk_on_water_one_cm":47172,"minecraft:total_world_time":246909,"minecraft:interact_with_furnace":79,"spartanshields:shield_bash_hits":2,"minecraft:sleep_in_bed":7,"minecraft:time_since_rest":40560,"minecraft:damage_taken":3435,"minecraft:minecart_one_cm":688,"minecraft:damage_dealt":15501,"minecraft:swim_one_cm":37910,"minecraft:fly_one_cm":512926,"minecraft:open_chest":31,"minecraft:crouch_one_cm":17468,"minecraft:interact_with_smoker":4,"minecraft:fall_one_cm":65253}},"DataVersion":2975}