{"stats":{"minecraft:killed":{"minecraft:cave_spider":2,"minecraft:witch":1,"minecraft:spider":4,"minecraft:skeleton":6,"minecraft:chicken":5,"minecraft:sheep":16,"minecraft:zombie":14,"minecraft:cow":18},"minecraft:picked_up":{"minecraft:crafting_table":10,"minecraft:chicken":5,"minecraft:string":40,"minecraft:raw_copper":15,"minecraft:cobbled_deepslate":146,"minecraft:detector_rail":4,"minecraft:beef":31,"minecraft:rose_bush":7,"minecraft:light_gray_wool":1,"minecraft:minecart":1,"minecraft:chest":1,"minecraft:egg":1,"minecraft:furnace":4,"minecraft:raw_iron":210,"minecraft:oak_fence":3,"minecraft:torch":50,"minecraft:diorite":59,"minecraft:carrot":1,"minecraft:arrow":7,"minecraft:rotten_flesh":16,"minecraft:mutton":25,"minecraft:white_wool":15,"minecraft:rail":13,"minecraft:cobblestone":581,"minecraft:birch_log":1,"minecraft:feather":5,"minecraft:glow_ink_sac":2,"minecraft:andesite":62,"minecraft:leather":14,"minecraft:tuff":12,"minecraft:oak_log":20,"minecraft:dirt":1,"minecraft:bone":6,"minecraft:wheat_seeds":1,"minecraft:iron_ingot":3,"minecraft:oak_planks":10,"minecraft:gravel":3,"minecraft:blast_furnace":4,"minecraft:white_bed":3,"minecraft:spider_eye":2,"minecraft:pumpkin_seeds":4,"minecraft:diamond":1,"minecraft:granite":42,"minecraft:golden_apple":1,"minecraft:oak_sapling":1,"minecraft:coal":232,"minecraft:sunflower":1},"minecraft:crafted":{"minecraft:smooth_stone":6,"minecraft:oak_planks":72,"vanillaplustools:stone_hammer":1,"minecraft:cooked_chicken":5,"minecraft:furnace":4,"minecraft:blast_furnace":2,"minecraft:stone":6,"minecraft:cooked_mutton":15,"spartanshields:iron_basic_shield":1,"vanillaplustools:iron_hammer":1,"minecraft:iron_boots":1,"minecraft:bow":1,"minecraft:iron_axe":1,"minecraft:stone_pickaxe":10,"minecraft:chest":1,"minecraft:cooked_beef":22,"minecraft:crafting_table":2,"minecraft:wooden_pickaxe":1,"minecraft:iron_helmet":1,"minecraft:bucket":1,"minecraft:birch_planks":4,"minecraft:stone_axe":1,"minecraft:air":0,"minecraft:iron_chestplate":1,"minecraft:stick":112,"minecraft:iron_ingot":210,"minecraft:iron_pickaxe":9,"minecraft:stone_sword":1,"minecraft:iron_block":15,"minecraft:iron_leggings":1,"spartanshields:wooden_basic_shield":1,"minecraft:anvil":1,"minecraft:white_bed":2,"minecraft:torch":248},"minecraft:broken":{"minecraft:stone_sword":1,"vanillaplustools:stone_hammer":1},"minecraft:custom":{"minecraft:mob_kills":66,"minecraft:interact_with_crafting_table":41,"minecraft:time_since_death":104047,"minecraft:climb_one_cm":599,"minecraft:sprint_one_cm":244279,"minecraft:walk_one_cm":277679,"minecraft:damage_blocked_by_shield":780,"minecraft:drop":33,"minecraft:play_time":104047,"minecraft:sneak_time":2391,"minecraft:walk_under_water_one_cm":25973,"minecraft:jump":1794,"minecraft:interact_with_blast_furnace":64,"minecraft:walk_on_water_one_cm":21259,"minecraft:total_world_time":104047,"minecraft:interact_with_furnace":54,"spartanshields:shield_bash_hits":2,"minecraft:sleep_in_bed":3,"minecraft:time_since_rest":68734,"minecraft:damage_taken":2145,"minecraft:damage_dealt":8966,"minecraft:swim_one_cm":33742,"minecraft:fly_one_cm":210595,"minecraft:open_chest":13,"minecraft:crouch_one_cm":5330,"minecraft:fall_one_cm":31491},"minecraft:mined":{"minecraft:tuff":12,"minecraft:white_bed":3,"minecraft:granite":46,"minecraft:grass_block":1,"minecraft:spawner":1,"minecraft:furnace":4,"minecraft:iron_ore":164,"minecraft:andesite":66,"minecraft:deepslate_iron_ore":52,"minecraft:rail":1,"minecraft:stone":591,"minecraft:crafting_table":10,"minecraft:torch":1,"minecraft:blast_furnace":4,"minecraft:rose_bush":7,"minecraft:copper_ore":2,"minecraft:cobblestone":5,"minecraft:oak_planks":10,"minecraft:diorite":66,"minecraft:deepslate_copper_ore":2,"minecraft:grass":20,"minecraft:coal_ore":126,"minecraft:oak_log":20,"minecraft:sunflower":1,"minecraft:gravel":2,"minecraft:cobweb":35,"minecraft:oak_leaves":1,"minecraft:deepslate":150},"minecraft:used":{"minecraft:stone_sword":105,"minecraft:chest":1,"vanillaplustools:stone_hammer":131,"minecraft:rotten_flesh":5,"minecraft:torch":227,"minecraft:mutton":3,"minecraft:lava_bucket":1,"minecraft:iron_axe":77,"minecraft:beef":2,"minecraft:bow":3,"spartanshields:iron_basic_shield":35,"minecraft:furnace":6,"minecraft:egg":1,"minecraft:cooked_beef":12,"minecraft:cobbled_deepslate":39,"minecraft:cooked_mutton":15,"minecraft:water_bucket":4,"minecraft:diorite":13,"minecraft:stone_pickaxe":58,"minecraft:wooden_pickaxe":8,"minecraft:crafting_table":11,"minecraft:blast_furnace":4,"minecraft:white_bed":5,"minecraft:stone_axe":76,"minecraft:cobblestone":104,"travelersbackpack:standard":2,"vanillaplustools:iron_hammer":47,"minecraft:bucket":6},"minecraft:dropped":{"minecraft:minecart":1,"minecraft:feather":1,"minecraft:oak_fence":1,"minecraft:cobblestone":257,"minecraft:granite":34,"minecraft:rail":12,"minecraft:diorite":26,"minecraft:rose_bush":7,"minecraft:string":1,"minecraft:white_wool":1,"minecraft:gravel":3,"minecraft:stone_axe":1,"minecraft:detector_rail":4,"minecraft:cobbled_deepslate":41,"minecraft:raw_copper":8,"minecraft:tuff":11,"minecraft:rotten_flesh":4,"minecraft:light_gray_wool":1,"minecraft:pumpkin_seeds":4,"minecraft:andesite":15,"minecraft:oak_sapling":1,"minecraft:wooden_pickaxe":1,"minecraft:stone_pickaxe":1}},"DataVersion":2975}