{"stats":{"minecraft:used":{"minecraft:iron_shovel":259,"minecraft:ladder":4,"minecraft:chest":6,"minecraft:rotten_flesh":5,"minecraft:mutton":3,"minecraft:carrot":171,"minecraft:tuff":21,"minecraft:glass":93,"minecraft:lava_bucket":2,"minecraft:magma_block":1,"minecraft:bow":55,"spartanshields:iron_basic_shield":100,"minecraft:furnace":16,"minecraft:egg":1,"minecraft:potato":3,"minecraft:diorite":13,"minecraft:oak_planks":53,"minecraft:stone_pickaxe":60,"minecraft:powered_rail":47,"minecraft:wooden_pickaxe":8,"minecraft:composter":3,"minecraft:sugar_cane":4,"minecraft:diamond_axe":322,"minecraft:golden_apple":1,"vanillaplustools:diamond_hammer":1103,"minecraft:sand":12,"spartanshields:diamond_basic_shield":49,"minecraft:blast_furnace":11,"minecraft:redstone_torch":61,"minecraft:bread":87,"minecraft:smithing_table":1,"minecraft:oak_boat":12,"minecraft:bone_meal":33,"minecraft:oak_trapdoor":4,"minecraft:stone_sword":105,"vanillaplustools:stone_hammer":131,"minecraft:cooked_chicken":5,"minecraft:netherrack":110,"minecraft:oak_door":3,"minecraft:torch":851,"minecraft:dirt":117,"minecraft:anvil":5,"minecraft:iron_hoe":90,"minecraft:iron_axe":406,"minecraft:basalt":1,"minecraft:beef":2,"minecraft:minecart":17,"minecraft:cooked_beef":24,"minecraft:cobbled_deepslate":360,"minecraft:cooked_mutton":15,"minecraft:water_bucket":54,"minecraft:cobblestone_slab":1,"minecraft:rail":219,"minecraft:oak_slab":1,"minecraft:crafting_table":23,"minecraft:white_bed":9,"minecraft:smoker":2,"minecraft:oak_log":2,"minecraft:wooden_hoe":59,"minecraft:activator_rail":34,"minecraft:iron_pickaxe":494,"minecraft:stone_axe":76,"minecraft:cobblestone":449,"travelersbackpack:standard":38,"vanillaplustools:iron_hammer":1262,"minecraft:bucket":62,"minecraft:yellow_bed":1,"minecraft:splash_potion":1},"minecraft:mined":{"minecraft:white_bed":7,"minecraft:obsidian":35,"minecraft:granite":144,"minecraft:grass_block":157,"minecraft:cracked_polished_blackstone_bricks":51,"minecraft:composter":2,"minecraft:spawner":2,"minecraft:polished_blackstone_bricks":54,"minecraft:magma_block":83,"minecraft:raw_iron_block":1,"minecraft:iron_ore":195,"minecraft:cobbled_deepslate":22,"minecraft:deepslate_lapis_ore":13,"minecraft:anvil":5,"minecraft:water_cauldron":4,"minecraft:dirt_path":11,"minecraft:oak_stairs":1,"minecraft:deepslate_redstone_ore":72,"minecraft:blackstone":33,"minecraft:crimson_nylium":16,"minecraft:smoker":3,"minecraft:clay":1,"minecraft:torch":5,"minecraft:blast_furnace":11,"minecraft:calcite":4,"minecraft:nether_quartz_ore":9,"minecraft:glass":4,"minecraft:cobblestone":143,"minecraft:sugar_cane":7,"minecraft:oak_planks":55,"minecraft:deepslate_copper_ore":4,"minecraft:powered_rail":18,"minecraft:nether_wart_block":1,"minecraft:wheat":7,"minecraft:activator_rail":32,"minecraft:grass":116,"minecraft:oak_log":208,"minecraft:beetroots":3,"minecraft:sand":128,"minecraft:dirt":46,"minecraft:smooth_basalt":32,"minecraft:stonecutter":1,"minecraft:netherrack":3341,"minecraft:oak_leaves":38,"minecraft:deepslate":12023,"minecraft:nether_gold_ore":15,"minecraft:tuff":1264,"minecraft:mossy_cobblestone":1,"minecraft:deepslate_diamond_ore":110,"minecraft:oak_door":1,"minecraft:ladder":1,"minecraft:hay_block":17,"minecraft:furnace":14,"minecraft:carrots":56,"minecraft:andesite":129,"minecraft:gold_block":3,"minecraft:potatoes":3,"minecraft:cobblestone_slab":1,"minecraft:deepslate_iron_ore":114,"minecraft:rail":108,"minecraft:stripped_oak_log":1,"minecraft:stone":1661,"minecraft:redstone_wall_torch":3,"minecraft:basalt":1,"travelersbackpack:standard":4,"minecraft:crafting_table":17,"minecraft:rose_bush":7,"minecraft:tall_grass":24,"minecraft:copper_ore":9,"minecraft:lapis_ore":5,"minecraft:deepslate_gold_ore":136,"minecraft:diorite":108,"minecraft:cobblestone_wall":1,"minecraft:redstone_torch":28,"travelersbackpack:green_sleeping_bag":1,"minecraft:yellow_bed":1,"minecraft:coal_ore":165,"minecraft:sunflower":5,"minecraft:gravel":10,"minecraft:cobweb":35,"minecraft:gold_ore":7},"minecraft:broken":{"vanillaplustools:iron_hammer":2,"minecraft:stone_sword":1,"vanillaplustools:stone_hammer":1,"minecraft:iron_axe":2,"minecraft:iron_pickaxe":1,"minecraft:iron_helmet":1,"minecraft:wooden_hoe":1},"minecraft:killed_by":{"minecraft:skeleton":1},"minecraft:picked_up":{"minecraft:wheat":3,"minecraft:anvil":5,"minecraft:oak_stairs":1,"minecraft:potion":4,"minecraft:nether_brick":33,"minecraft:string":80,"minecraft:raw_copper":36,"minecraft:cooked_salmon":1,"minecraft:beetroot":1,"minecraft:activator_rail":33,"minecraft:gold_nugget":73,"minecraft:cobbled_deepslate":5966,"minecraft:cobblestone_slab":1,"minecraft:redstone_torch":33,"minecraft:rose_bush":7,"minecraft:calcite":4,"minecraft:iron_boots":3,"minecraft:furnace":14,"minecraft:stick":3,"minecraft:composter":2,"minecraft:oak_fence":5,"minecraft:torch":271,"minecraft:porkchop":2,"minecraft:diorite":105,"minecraft:rotten_flesh":85,"minecraft:obsidian":36,"minecraft:cobblestone":1659,"minecraft:birch_log":1,"minecraft:magma_block":2,"minecraft:leather_chestplate":1,"minecraft:feather":5,"minecraft:andesite":123,"spartanshields:iron_basic_shield":2,"minecraft:smoker":3,"vanillaplustools:diamond_hammer":2,"minecraft:potato":5,"minecraft:tuff":601,"minecraft:lapis_lazuli":92,"minecraft:dirt":215,"minecraft:bone":26,"minecraft:bow":4,"minecraft:wheat_seeds":45,"minecraft:raw_gold":159,"minecraft:powered_rail":20,"minecraft:oak_planks":82,"minecraft:sand":138,"minecraft:grass_block":1,"minecraft:spectral_arrow":82,"minecraft:mossy_cobblestone":1,"minecraft:diamond":123,"minecraft:cracked_polished_blackstone_bricks":26,"minecraft:granite":178,"minecraft:golden_apple":1,"minecraft:bread":55,"minecraft:oak_sapling":2,"minecraft:netherrack":1317,"minecraft:crimson_roots":2,"minecraft:crafting_table":18,"minecraft:splash_potion":1,"minecraft:chicken":5,"minecraft:ladder":1,"minecraft:clay_ball":4,"minecraft:gold_block":2,"minecraft:iron_shovel":1,"spartanshields:stone_tower_shield":2,"minecraft:blackstone":122,"minecraft:detector_rail":4,"minecraft:beef":39,"minecraft:oak_boat":11,"minecraft:iron_nugget":45,"minecraft:poppy":3,"minecraft:light_gray_wool":1,"minecraft:minecart":17,"minecraft:sugar_cane":10,"minecraft:chest":1,"minecraft:egg":2,"minecraft:raw_iron":313,"minecraft:oak_door":1,"minecraft:fire_charge":10,"minecraft:polished_blackstone_bricks":34,"minecraft:carrot":166,"minecraft:redstone":707,"minecraft:arrow":33,"minecraft:beetroot_seeds":6,"minecraft:hay_block":17,"minecraft:gold_ingot":138,"minecraft:mutton":25,"minecraft:rail":130,"minecraft:white_wool":15,"minecraft:stripped_oak_log":2,"minecraft:basalt":1,"minecraft:glow_ink_sac":2,"minecraft:salmon":2,"minecraft:leather":48,"minecraft:filled_map":1,"minecraft:oak_log":212,"minecraft:nether_wart_block":1,"minecraft:cobblestone_wall":1,"minecraft:yellow_bed":1,"minecraft:gunpowder":6,"minecraft:apple":1,"minecraft:kelp":6,"minecraft:iron_ingot":63,"minecraft:stone_pickaxe":3,"minecraft:soul_sand":38,"travelersbackpack:blank_upgrade":1,"minecraft:smooth_basalt":82,"minecraft:quartz":67,"minecraft:raw_iron_block":1,"minecraft:gravel":94,"minecraft:blast_furnace":11,"minecraft:white_bed":7,"minecraft:crying_obsidian":19,"minecraft:spider_eye":7,"travelersbackpack:standard":6,"minecraft:pumpkin_seeds":4,"minecraft:slime_ball":3,"minecraft:coal":306,"minecraft:ender_pearl":11,"minecraft:sunflower":4},"minecraft:killed":{"minecraft:cave_spider":6,"minecraft:witch":1,"minecraft:spider":17,"minecraft:skeleton":35,"minecraft:chicken":5,"minecraft:piglin_brute":6,"minecraft:piglin":2,"minecraft:pig":1,"minecraft:zombie_villager":2,"minecraft:salmon":4,"minecraft:iron_golem":3,"minecraft:creeper":4,"minecraft:sheep":16,"minecraft:zombie":51,"minecraft:cow":23,"minecraft:villager":3,"minecraft:enderman":1},"minecraft:dropped":{"minecraft:diamond":9,"travelersbackpack:standard":1,"minecraft:rail":12,"minecraft:gold_block":2,"minecraft:dirt":59,"spartanshields:stone_tower_shield":3,"minecraft:crimson_roots":1,"minecraft:cooked_cod":2,"minecraft:sunflower":3,"minecraft:sand":8,"minecraft:white_wool":5,"minecraft:gold_ingot":220,"minecraft:bone":4,"minecraft:gravel":3,"minecraft:stone_axe":1,"minecraft:blackstone":25,"minecraft:detector_rail":4,"minecraft:cobbled_deepslate":5465,"minecraft:beetroot":1,"minecraft:rotten_flesh":55,"minecraft:oak_planks":4,"minecraft:carrot":38,"minecraft:poppy":3,"minecraft:leather_chestplate":1,"minecraft:gunpowder":3,"minecraft:quartz":9,"minecraft:netherrack":960,"minecraft:iron_ingot":8,"minecraft:oak_slab":5,"minecraft:wheat_seeds":41,"minecraft:mossy_cobblestone":1,"minecraft:minecart":1,"minecraft:oak_fence":1,"minecraft:feather":1,"minecraft:cobblestone":708,"minecraft:granite":170,"spartanshields:iron_basic_shield":2,"minecraft:grass_block":1,"minecraft:diorite":72,"minecraft:torch":2,"minecraft:rose_bush":7,"minecraft:cooked_salmon":4,"travelersbackpack:blank_upgrade":2,"minecraft:heart_of_the_sea":1,"minecraft:string":23,"minecraft:redstone":76,"minecraft:smooth_basalt":82,"vanillaplustools:diamond_hammer":2,"minecraft:kelp":6,"minecraft:oak_trapdoor":1,"minecraft:cobblestone_wall":1,"minecraft:raw_copper":27,"minecraft:tuff":543,"minecraft:light_gray_wool":1,"minecraft:clay_ball":4,"minecraft:stripped_oak_log":2,"minecraft:pumpkin_seeds":4,"minecraft:filled_map":1,"minecraft:andesite":76,"minecraft:oak_sapling":2,"minecraft:spider_eye":3,"minecraft:wooden_pickaxe":1,"minecraft:bow":1,"minecraft:stone_pickaxe":5,"minecraft:raw_gold":7,"minecraft:calcite":1,"minecraft:magma_block":1},"minecraft:crafted":{"minecraft:oak_planks":424,"minecraft:smooth_stone":6,"minecraft:cobblestone_slab":6,"travelersbackpack:crafting_upgrade":1,"minecraft:cooked_chicken":5,"minecraft:stone":6,"minecraft:cooked_mutton":22,"spartanshields:iron_basic_shield":1,"minecraft:glass":118,"vanillaplustools:iron_hammer":3,"minecraft:diamond_helmet":1,"minecraft:bow":1,"minecraft:diamond_leggings":1,"minecraft:iron_boots":2,"minecraft:chest":6,"minecraft:rail":112,"minecraft:golden_boots":1,"minecraft:oak_slab":18,"minecraft:cooked_porkchop":2,"minecraft:diamond_axe":2,"minecraft:crafting_table":7,"travelersbackpack:standard":4,"minecraft:baked_potato":9,"minecraft:wooden_pickaxe":1,"minecraft:iron_helmet":2,"minecraft:raw_gold_block":14,"minecraft:smithing_table":1,"minecraft:gold_block":14,"minecraft:birch_planks":4,"minecraft:book":2,"minecraft:paper":6,"minecraft:wooden_hoe":1,"minecraft:iron_chestplate":2,"minecraft:diamond_pickaxe":9,"minecraft:charcoal":85,"minecraft:stick":376,"minecraft:iron_ingot":403,"minecraft:iron_pickaxe":29,"minecraft:iron_block":20,"minecraft:stone_sword":1,"minecraft:gold_ingot":255,"spartanshields:wooden_basic_shield":2,"minecraft:redstone_torch":51,"vanillaplustools:diamond_hammer":1,"minecraft:composter":1,"minecraft:oak_door":3,"minecraft:redstone":54,"minecraft:raw_iron":9,"vanillaplustools:stone_hammer":1,"minecraft:furnace":6,"minecraft:blast_furnace":2,"minecraft:bone_meal":33,"spartanshields:diamond_basic_shield":1,"travelersbackpack:blank_upgrade":4,"travelersbackpack:gold_tier_upgrade":1,"minecraft:diamond_block":4,"minecraft:oak_trapdoor":6,"minecraft:diamond":9,"minecraft:iron_axe":3,"minecraft:ladder":3,"minecraft:iron_hoe":1,"minecraft:stone_pickaxe":10,"minecraft:diamond_boots":1,"minecraft:redstone_block":70,"minecraft:lead":2,"travelersbackpack:diamond_tier_upgrade":1,"minecraft:minecart":2,"minecraft:wheat":153,"minecraft:cooked_beef":36,"travelersbackpack:backpack_tank":2,"minecraft:powered_rail":30,"minecraft:activator_rail":18,"minecraft:bucket":2,"minecraft:stone_axe":1,"minecraft:bread":51,"minecraft:air":0,"minecraft:oak_boat":2,"minecraft:golden_apple":1,"minecraft:raw_gold":126,"minecraft:iron_shovel":1,"minecraft:iron_leggings":2,"minecraft:anvil":2,"minecraft:white_bed":2,"minecraft:torch":564,"minecraft:diamond_chestplate":1},"minecraft:custom":{"minecraft:animals_bred":1,"minecraft:interact_with_crafting_table":136,"minecraft:bell_ring":2,"minecraft:leave_game":4,"minecraft:time_since_death":245720,"minecraft:sprint_one_cm":971206,"minecraft:damage_blocked_by_shield":4209,"minecraft:drop":435,"minecraft:talked_to_villager":16,"minecraft:play_time":540280,"minecraft:deaths":1,"minecraft:jump":8960,"minecraft:walk_on_water_one_cm":113382,"minecraft:interact_with_furnace":133,"minecraft:sleep_in_bed":12,"minecraft:damage_dealt":31518,"minecraft:player_kills":1,"minecraft:crouch_one_cm":25809,"minecraft:interact_with_smoker":18,"minecraft:interact_with_smithing_table":14,"minecraft:mob_kills":185,"minecraft:interact_with_anvil":7,"minecraft:climb_one_cm":3952,"minecraft:walk_one_cm":1518525,"minecraft:sneak_time":10731,"minecraft:walk_under_water_one_cm":120194,"minecraft:boat_one_cm":587867,"minecraft:interact_with_blast_furnace":123,"minecraft:total_world_time":540280,"spartanshields:shield_bash_hits":6,"minecraft:time_since_rest":50599,"minecraft:damage_taken":7107,"minecraft:damage_absorbed":40,"minecraft:minecart_one_cm":688,"minecraft:swim_one_cm":140206,"minecraft:fly_one_cm":1088824,"minecraft:open_chest":78,"minecraft:fall_one_cm":140327}},"DataVersion":2975}