{"stats":{"minecraft:killed":{"minecraft:sheep":8,"minecraft:zombie":5,"minecraft:chicken":5,"minecraft:cow":10},"minecraft:picked_up":{"minecraft:birch_log":1,"minecraft:crafting_table":6,"minecraft:feather":5,"minecraft:chicken":5,"minecraft:leather":7,"minecraft:oak_log":12,"minecraft:dirt":1,"minecraft:beef":18,"minecraft:rose_bush":7,"minecraft:light_gray_wool":1,"minecraft:furnace":4,"minecraft:egg":1,"minecraft:raw_iron":4,"minecraft:torch":44,"minecraft:white_bed":1,"minecraft:rotten_flesh":7,"minecraft:oak_sapling":1,"minecraft:mutton":12,"minecraft:coal":87,"minecraft:white_wool":7,"minecraft:cobblestone":118},"minecraft:crafted":{"minecraft:cooked_beef":6,"minecraft:oak_planks":48,"minecraft:smooth_stone":3,"vanillaplustools:stone_hammer":1,"minecraft:crafting_table":2,"minecraft:wooden_pickaxe":1,"minecraft:cooked_chicken":1,"minecraft:furnace":2,"minecraft:stone":3,"minecraft:bucket":1,"minecraft:birch_planks":4,"minecraft:stone_axe":1,"minecraft:cooked_mutton":5,"minecraft:stick":52,"minecraft:iron_ingot":4,"minecraft:stone_pickaxe":10,"minecraft:stone_sword":1,"minecraft:white_bed":1,"minecraft:torch":28},"minecraft:mined":{"minecraft:white_bed":1,"minecraft:crafting_table":6,"minecraft:torch":1,"minecraft:grass_block":1,"minecraft:rose_bush":7,"minecraft:furnace":4,"minecraft:iron_ore":4,"minecraft:grass":4,"minecraft:oak_log":12,"minecraft:coal_ore":36,"minecraft:stone":122,"minecraft:oak_leaves":1},"minecraft:custom":{"minecraft:interact_with_furnace":20,"minecraft:mob_kills":28,"minecraft:interact_with_crafting_table":12,"minecraft:time_since_death":26047,"minecraft:time_since_rest":26047,"minecraft:sprint_one_cm":59320,"minecraft:damage_taken":400,"minecraft:walk_one_cm":73117,"minecraft:drop":8,"minecraft:damage_dealt":3007,"minecraft:swim_one_cm":31600,"minecraft:fly_one_cm":42401,"minecraft:crouch_one_cm":206,"minecraft:play_time":26047,"minecraft:sneak_time":59,"minecraft:walk_under_water_one_cm":9187,"minecraft:jump":337,"minecraft:walk_on_water_one_cm":3263,"minecraft:total_world_time":26047,"minecraft:fall_one_cm":4513},"minecraft:used":{"minecraft:water_bucket":1,"minecraft:stone_sword":59,"minecraft:stone_pickaxe":58,"minecraft:wooden_pickaxe":8,"vanillaplustools:stone_hammer":16,"minecraft:rotten_flesh":5,"minecraft:torch":45,"minecraft:mutton":3,"minecraft:crafting_table":7,"minecraft:white_bed":1,"minecraft:stone_axe":23,"minecraft:cobblestone":10,"minecraft:beef":2,"minecraft:furnace":4,"minecraft:bucket":2,"minecraft:egg":1,"minecraft:cooked_beef":4},"minecraft:dropped":{"minecraft:feather":1,"minecraft:rotten_flesh":2,"minecraft:light_gray_wool":1,"minecraft:rose_bush":7,"minecraft:oak_sapling":1,"minecraft:stone_pickaxe":1,"minecraft:wooden_pickaxe":1,"minecraft:white_wool":1}},"DataVersion":2975}