{"stats":{"minecraft:used":{"minecraft:oak_trapdoor":3,"minecraft:stone_sword":105,"minecraft:iron_shovel":259,"minecraft:chest":5,"vanillaplustools:stone_hammer":131,"minecraft:rotten_flesh":5,"minecraft:oak_door":3,"minecraft:torch":730,"minecraft:anvil":3,"minecraft:dirt":116,"minecraft:mutton":3,"minecraft:tuff":15,"minecraft:carrot":171,"minecraft:iron_hoe":90,"minecraft:glass":93,"minecraft:lava_bucket":1,"minecraft:iron_axe":406,"minecraft:magma_block":1,"minecraft:beef":2,"minecraft:bow":16,"spartanshields:iron_basic_shield":100,"minecraft:furnace":14,"minecraft:minecart":16,"minecraft:egg":1,"minecraft:potato":3,"minecraft:cooked_beef":22,"minecraft:cobbled_deepslate":165,"minecraft:cooked_mutton":15,"minecraft:water_bucket":41,"minecraft:diorite":13,"minecraft:powered_rail":19,"minecraft:oak_planks":53,"minecraft:stone_pickaxe":60,"minecraft:wooden_pickaxe":8,"minecraft:composter":3,"minecraft:diamond_axe":247,"minecraft:rail":118,"spartanshields:diamond_basic_shield":29,"minecraft:oak_slab":1,"minecraft:crafting_table":19,"minecraft:blast_furnace":7,"minecraft:white_bed":9,"minecraft:smoker":1,"minecraft:redstone_torch":31,"minecraft:oak_log":2,"minecraft:wooden_hoe":59,"minecraft:activator_rail":34,"minecraft:iron_pickaxe":114,"minecraft:bread":67,"minecraft:stone_axe":76,"travelersbackpack:standard":4,"minecraft:cobblestone":322,"vanillaplustools:iron_hammer":664,"minecraft:bucket":48,"minecraft:yellow_bed":1,"minecraft:oak_boat":10,"minecraft:bone_meal":33},"minecraft:mined":{"minecraft:tuff":271,"minecraft:white_bed":7,"minecraft:mossy_cobblestone":1,"minecraft:deepslate_diamond_ore":43,"minecraft:oak_door":1,"minecraft:granite":78,"minecraft:grass_block":139,"minecraft:composter":2,"minecraft:spawner":2,"minecraft:hay_block":17,"minecraft:carrots":56,"minecraft:furnace":12,"minecraft:cobbled_deepslate":18,"minecraft:iron_ore":188,"minecraft:andesite":129,"minecraft:deepslate_lapis_ore":3,"minecraft:anvil":3,"minecraft:oak_stairs":1,"minecraft:potatoes":3,"minecraft:deepslate_iron_ore":67,"minecraft:water_cauldron":4,"minecraft:dirt_path":11,"minecraft:rail":108,"minecraft:stripped_oak_log":1,"minecraft:stone":915,"minecraft:redstone_wall_torch":3,"minecraft:deepslate_redstone_ore":7,"minecraft:smoker":2,"travelersbackpack:standard":1,"minecraft:clay":1,"minecraft:crafting_table":14,"minecraft:torch":3,"minecraft:blast_furnace":7,"minecraft:calcite":4,"minecraft:rose_bush":7,"minecraft:glass":3,"minecraft:copper_ore":2,"minecraft:tall_grass":15,"minecraft:cobblestone":129,"minecraft:lapis_ore":1,"minecraft:deepslate_gold_ore":116,"minecraft:oak_planks":55,"minecraft:diorite":84,"minecraft:deepslate_copper_ore":4,"minecraft:powered_rail":17,"minecraft:cobblestone_wall":1,"minecraft:redstone_torch":23,"minecraft:wheat":7,"minecraft:activator_rail":32,"minecraft:yellow_bed":1,"minecraft:grass":62,"minecraft:oak_log":208,"minecraft:coal_ore":146,"minecraft:beetroots":3,"minecraft:sand":105,"minecraft:sunflower":5,"minecraft:gravel":2,"minecraft:dirt":19,"minecraft:cobweb":35,"minecraft:smooth_basalt":32,"minecraft:stonecutter":1,"minecraft:gold_ore":7,"minecraft:oak_leaves":30,"minecraft:deepslate":3194},"minecraft:broken":{"minecraft:stone_sword":1,"vanillaplustools:stone_hammer":1,"minecraft:iron_axe":2,"minecraft:iron_helmet":1,"minecraft:wooden_hoe":1},"minecraft:killed_by":{"minecraft:skeleton":1},"minecraft:picked_up":{"minecraft:crafting_table":15,"minecraft:wheat":3,"minecraft:anvil":3,"minecraft:chicken":5,"minecraft:clay_ball":4,"minecraft:oak_stairs":1,"minecraft:string":61,"minecraft:raw_copper":22,"spartanshields:stone_tower_shield":2,"minecraft:beetroot":1,"minecraft:activator_rail":33,"minecraft:cobbled_deepslate":3382,"minecraft:detector_rail":4,"minecraft:beef":31,"minecraft:oak_boat":10,"minecraft:rose_bush":7,"minecraft:redstone_torch":29,"minecraft:calcite":4,"minecraft:light_gray_wool":1,"minecraft:poppy":3,"minecraft:minecart":17,"minecraft:chest":1,"minecraft:furnace":12,"minecraft:egg":1,"minecraft:stick":3,"minecraft:raw_iron":248,"minecraft:oak_door":1,"minecraft:composter":2,"minecraft:oak_fence":5,"minecraft:torch":265,"minecraft:porkchop":2,"minecraft:diorite":86,"minecraft:carrot":166,"minecraft:redstone":648,"minecraft:rotten_flesh":80,"minecraft:arrow":29,"minecraft:beetroot_seeds":6,"minecraft:hay_block":17,"minecraft:gold_ingot":18,"minecraft:mutton":25,"minecraft:rail":130,"minecraft:white_wool":15,"minecraft:cobblestone":1003,"minecraft:stripped_oak_log":2,"minecraft:birch_log":1,"minecraft:magma_block":2,"minecraft:feather":5,"minecraft:glow_ink_sac":2,"minecraft:andesite":123,"minecraft:salmon":2,"spartanshields:iron_basic_shield":2,"minecraft:leather":14,"minecraft:smoker":2,"minecraft:potato":5,"minecraft:tuff":258,"minecraft:oak_log":212,"minecraft:lapis_lazuli":28,"minecraft:yellow_bed":1,"minecraft:cobblestone_wall":1,"minecraft:gunpowder":5,"minecraft:dirt":172,"minecraft:bone":23,"minecraft:bow":4,"minecraft:stone_pickaxe":3,"minecraft:wheat_seeds":41,"minecraft:raw_gold":139,"minecraft:iron_ingot":17,"minecraft:powered_rail":19,"minecraft:oak_planks":82,"minecraft:smooth_basalt":82,"minecraft:gravel":3,"minecraft:sand":97,"minecraft:blast_furnace":7,"minecraft:white_bed":7,"minecraft:grass_block":1,"minecraft:spider_eye":7,"minecraft:mossy_cobblestone":1,"travelersbackpack:standard":3,"minecraft:pumpkin_seeds":4,"minecraft:slime_ball":3,"minecraft:diamond":56,"minecraft:granite":72,"minecraft:golden_apple":1,"minecraft:bread":23,"minecraft:oak_sapling":1,"minecraft:coal":287,"minecraft:sunflower":4},"minecraft:killed":{"minecraft:cave_spider":6,"minecraft:witch":1,"minecraft:spider":17,"minecraft:skeleton":30,"minecraft:chicken":5,"minecraft:pig":1,"minecraft:zombie_villager":2,"minecraft:salmon":4,"minecraft:iron_golem":3,"minecraft:creeper":3,"minecraft:sheep":16,"minecraft:zombie":46,"minecraft:villager":2,"minecraft:enderman":1,"minecraft:cow":18},"minecraft:dropped":{"minecraft:oak_slab":5,"minecraft:wheat_seeds":39,"minecraft:mossy_cobblestone":1,"minecraft:minecart":1,"minecraft:oak_fence":1,"minecraft:feather":1,"minecraft:cobblestone":429,"minecraft:granite":64,"spartanshields:iron_basic_shield":2,"travelersbackpack:standard":1,"minecraft:grass_block":1,"minecraft:rail":12,"spartanshields:stone_tower_shield":3,"minecraft:dirt":55,"minecraft:diorite":53,"minecraft:torch":2,"minecraft:rose_bush":7,"minecraft:sunflower":3,"minecraft:string":23,"minecraft:white_wool":5,"minecraft:bone":2,"minecraft:redstone":8,"minecraft:smooth_basalt":82,"minecraft:gravel":3,"minecraft:stone_axe":1,"minecraft:oak_trapdoor":1,"minecraft:detector_rail":4,"minecraft:cobblestone_wall":1,"minecraft:cobbled_deepslate":1879,"minecraft:raw_copper":15,"minecraft:tuff":64,"minecraft:beetroot":1,"minecraft:rotten_flesh":50,"minecraft:light_gray_wool":1,"minecraft:clay_ball":4,"minecraft:oak_planks":4,"minecraft:stripped_oak_log":2,"minecraft:carrot":38,"minecraft:pumpkin_seeds":4,"minecraft:poppy":3,"minecraft:gunpowder":3,"minecraft:andesite":76,"minecraft:bow":1,"minecraft:oak_sapling":1,"minecraft:spider_eye":3,"minecraft:wooden_pickaxe":1,"minecraft:stone_pickaxe":5,"minecraft:raw_gold":7,"minecraft:calcite":1,"minecraft:magma_block":1},"minecraft:crafted":{"minecraft:oak_door":3,"minecraft:smooth_stone":6,"minecraft:oak_planks":316,"minecraft:redstone":18,"vanillaplustools:stone_hammer":1,"minecraft:cooked_chicken":5,"minecraft:furnace":6,"minecraft:blast_furnace":2,"minecraft:stone":6,"minecraft:bone_meal":33,"spartanshields:diamond_basic_shield":1,"minecraft:cooked_mutton":22,"minecraft:oak_trapdoor":4,"spartanshields:iron_basic_shield":1,"minecraft:glass":97,"vanillaplustools:iron_hammer":2,"minecraft:diamond_helmet":1,"minecraft:diamond_leggings":1,"minecraft:bow":1,"minecraft:iron_boots":2,"minecraft:iron_axe":3,"minecraft:iron_hoe":1,"minecraft:stone_pickaxe":10,"minecraft:chest":4,"minecraft:diamond_boots":1,"minecraft:redstone_block":70,"minecraft:rail":64,"minecraft:lead":2,"minecraft:wheat":153,"minecraft:minecart":2,"minecraft:cooked_beef":29,"minecraft:oak_slab":18,"minecraft:cooked_porkchop":2,"minecraft:diamond_axe":2,"minecraft:crafting_table":6,"minecraft:baked_potato":9,"minecraft:powered_rail":18,"minecraft:wooden_pickaxe":1,"minecraft:iron_helmet":2,"minecraft:activator_rail":18,"minecraft:raw_gold_block":14,"minecraft:bucket":2,"minecraft:birch_planks":4,"minecraft:stone_axe":1,"minecraft:bread":51,"minecraft:air":0,"minecraft:oak_boat":1,"minecraft:charcoal":49,"minecraft:iron_chestplate":2,"minecraft:wooden_hoe":1,"minecraft:stick":276,"minecraft:iron_ingot":347,"minecraft:iron_pickaxe":19,"minecraft:iron_block":17,"minecraft:stone_sword":1,"minecraft:iron_shovel":1,"minecraft:anvil":2,"minecraft:iron_leggings":2,"spartanshields:wooden_basic_shield":2,"minecraft:white_bed":2,"minecraft:redstone_torch":25,"minecraft:composter":1,"minecraft:torch":564,"minecraft:diamond_chestplate":1},"minecraft:custom":{"minecraft:interact_with_anvil":4,"minecraft:mob_kills":160,"minecraft:animals_bred":1,"minecraft:interact_with_crafting_table":101,"minecraft:bell_ring":2,"minecraft:leave_game":3,"minecraft:time_since_death":78349,"minecraft:climb_one_cm":2255,"minecraft:sprint_one_cm":799029,"minecraft:walk_one_cm":1086766,"minecraft:damage_blocked_by_shield":3470,"minecraft:drop":190,"minecraft:talked_to_villager":16,"minecraft:deaths":1,"minecraft:play_time":372909,"minecraft:sneak_time":8958,"minecraft:walk_under_water_one_cm":112984,"minecraft:boat_one_cm":170630,"minecraft:jump":7128,"minecraft:interact_with_blast_furnace":78,"minecraft:walk_on_water_one_cm":92036,"minecraft:total_world_time":372909,"minecraft:interact_with_furnace":113,"spartanshields:shield_bash_hits":6,"minecraft:sleep_in_bed":8,"minecraft:time_since_rest":78380,"minecraft:damage_taken":5984,"minecraft:minecart_one_cm":688,"minecraft:damage_dealt":27959,"minecraft:swim_one_cm":128582,"minecraft:fly_one_cm":747327,"minecraft:open_chest":36,"minecraft:crouch_one_cm":19627,"minecraft:interact_with_smoker":11,"minecraft:fall_one_cm":104574}},"DataVersion":2975}