{"stats":{"minecraft:used":{"minecraft:iron_shovel":259,"minecraft:chest":5,"minecraft:rotten_flesh":5,"minecraft:mutton":3,"minecraft:carrot":171,"minecraft:tuff":17,"minecraft:glass":93,"minecraft:lava_bucket":1,"minecraft:magma_block":1,"minecraft:bow":16,"spartanshields:iron_basic_shield":100,"minecraft:furnace":14,"minecraft:egg":1,"minecraft:potato":3,"minecraft:diorite":13,"minecraft:stone_pickaxe":60,"minecraft:powered_rail":19,"minecraft:oak_planks":53,"minecraft:wooden_pickaxe":8,"minecraft:composter":3,"minecraft:diamond_axe":249,"vanillaplustools:diamond_hammer":7,"spartanshields:diamond_basic_shield":29,"minecraft:blast_furnace":9,"minecraft:redstone_torch":31,"minecraft:bread":68,"minecraft:oak_boat":10,"minecraft:bone_meal":33,"minecraft:oak_trapdoor":3,"minecraft:stone_sword":105,"vanillaplustools:stone_hammer":131,"minecraft:cooked_chicken":3,"minecraft:oak_door":3,"minecraft:torch":769,"minecraft:dirt":116,"minecraft:anvil":5,"minecraft:iron_hoe":90,"minecraft:iron_axe":406,"minecraft:beef":2,"minecraft:minecart":16,"minecraft:cooked_beef":23,"minecraft:cobbled_deepslate":170,"minecraft:cooked_mutton":15,"minecraft:water_bucket":48,"minecraft:rail":118,"minecraft:oak_slab":1,"minecraft:crafting_table":22,"minecraft:white_bed":9,"minecraft:smoker":1,"minecraft:oak_log":2,"minecraft:wooden_hoe":59,"minecraft:activator_rail":34,"minecraft:iron_pickaxe":156,"minecraft:stone_axe":76,"minecraft:cobblestone":322,"travelersbackpack:standard":4,"vanillaplustools:iron_hammer":1118,"minecraft:bucket":55,"minecraft:yellow_bed":1},"minecraft:mined":{"minecraft:white_bed":7,"minecraft:obsidian":35,"minecraft:granite":78,"minecraft:grass_block":139,"minecraft:composter":2,"minecraft:spawner":2,"minecraft:raw_iron_block":1,"minecraft:iron_ore":188,"minecraft:cobbled_deepslate":19,"minecraft:anvil":5,"minecraft:deepslate_lapis_ore":7,"minecraft:dirt_path":11,"minecraft:water_cauldron":4,"minecraft:oak_stairs":1,"minecraft:deepslate_redstone_ore":30,"minecraft:smoker":2,"minecraft:clay":1,"minecraft:torch":3,"minecraft:blast_furnace":9,"minecraft:calcite":4,"minecraft:glass":3,"minecraft:cobblestone":129,"minecraft:oak_planks":55,"minecraft:deepslate_copper_ore":4,"minecraft:powered_rail":17,"minecraft:wheat":7,"minecraft:activator_rail":32,"minecraft:grass":62,"minecraft:oak_log":208,"minecraft:beetroots":3,"minecraft:sand":105,"minecraft:dirt":19,"minecraft:smooth_basalt":32,"minecraft:stonecutter":1,"minecraft:oak_leaves":30,"minecraft:deepslate":6744,"minecraft:tuff":586,"minecraft:mossy_cobblestone":1,"minecraft:deepslate_diamond_ore":64,"minecraft:oak_door":1,"minecraft:hay_block":17,"minecraft:furnace":12,"minecraft:carrots":56,"minecraft:andesite":129,"minecraft:potatoes":3,"minecraft:deepslate_iron_ore":109,"minecraft:rail":108,"minecraft:stripped_oak_log":1,"minecraft:stone":915,"minecraft:redstone_wall_torch":3,"travelersbackpack:standard":1,"minecraft:crafting_table":16,"minecraft:rose_bush":7,"minecraft:tall_grass":15,"minecraft:copper_ore":2,"minecraft:deepslate_gold_ore":122,"minecraft:lapis_ore":1,"minecraft:diorite":84,"minecraft:cobblestone_wall":1,"minecraft:redstone_torch":23,"minecraft:yellow_bed":1,"minecraft:coal_ore":146,"minecraft:sunflower":5,"minecraft:gravel":7,"minecraft:cobweb":35,"minecraft:gold_ore":7},"minecraft:broken":{"vanillaplustools:iron_hammer":1,"minecraft:stone_sword":1,"vanillaplustools:stone_hammer":1,"minecraft:iron_axe":2,"minecraft:iron_helmet":1,"minecraft:wooden_hoe":1},"minecraft:killed_by":{"minecraft:skeleton":1},"minecraft:picked_up":{"minecraft:wheat":3,"minecraft:anvil":5,"minecraft:oak_stairs":1,"minecraft:string":61,"minecraft:raw_copper":22,"minecraft:beetroot":1,"minecraft:activator_rail":33,"minecraft:cobbled_deepslate":5470,"minecraft:redstone_torch":29,"minecraft:rose_bush":7,"minecraft:calcite":4,"minecraft:furnace":12,"minecraft:stick":3,"minecraft:composter":2,"minecraft:oak_fence":5,"minecraft:torch":267,"minecraft:porkchop":2,"minecraft:diorite":86,"minecraft:rotten_flesh":80,"minecraft:obsidian":30,"minecraft:cobblestone":1003,"minecraft:birch_log":1,"minecraft:magma_block":2,"minecraft:feather":5,"minecraft:andesite":123,"spartanshields:iron_basic_shield":2,"minecraft:smoker":2,"minecraft:potato":5,"minecraft:tuff":474,"minecraft:dirt":172,"minecraft:lapis_lazuli":53,"minecraft:bone":23,"minecraft:bow":4,"minecraft:wheat_seeds":41,"minecraft:raw_gold":145,"minecraft:powered_rail":19,"minecraft:oak_planks":82,"minecraft:sand":97,"minecraft:grass_block":1,"minecraft:mossy_cobblestone":1,"minecraft:diamond":77,"minecraft:granite":72,"minecraft:golden_apple":1,"minecraft:bread":23,"minecraft:oak_sapling":1,"minecraft:crafting_table":17,"minecraft:chicken":5,"minecraft:clay_ball":4,"spartanshields:stone_tower_shield":2,"minecraft:detector_rail":4,"minecraft:beef":31,"minecraft:oak_boat":10,"minecraft:poppy":3,"minecraft:light_gray_wool":1,"minecraft:minecart":17,"minecraft:chest":1,"minecraft:egg":1,"minecraft:raw_iron":301,"minecraft:oak_door":1,"minecraft:carrot":166,"minecraft:redstone":707,"minecraft:arrow":29,"minecraft:beetroot_seeds":6,"minecraft:hay_block":17,"minecraft:gold_ingot":18,"minecraft:white_wool":15,"minecraft:mutton":25,"minecraft:rail":130,"minecraft:stripped_oak_log":2,"minecraft:glow_ink_sac":2,"minecraft:salmon":2,"minecraft:leather":14,"minecraft:oak_log":212,"minecraft:gunpowder":5,"minecraft:yellow_bed":1,"minecraft:cobblestone_wall":1,"minecraft:iron_ingot":31,"minecraft:stone_pickaxe":3,"minecraft:smooth_basalt":82,"minecraft:raw_iron_block":1,"minecraft:gravel":3,"minecraft:blast_furnace":9,"minecraft:white_bed":7,"minecraft:spider_eye":7,"travelersbackpack:standard":3,"minecraft:pumpkin_seeds":4,"minecraft:slime_ball":3,"minecraft:coal":287,"minecraft:sunflower":4},"minecraft:killed":{"minecraft:cave_spider":6,"minecraft:witch":1,"minecraft:spider":17,"minecraft:skeleton":30,"minecraft:chicken":5,"minecraft:pig":1,"minecraft:zombie_villager":2,"minecraft:salmon":4,"minecraft:iron_golem":3,"minecraft:creeper":3,"minecraft:sheep":16,"minecraft:zombie":46,"minecraft:cow":18,"minecraft:villager":2,"minecraft:enderman":1},"minecraft:dropped":{"travelersbackpack:standard":1,"minecraft:rail":12,"minecraft:dirt":55,"spartanshields:stone_tower_shield":3,"minecraft:sunflower":3,"minecraft:white_wool":5,"minecraft:bone":2,"minecraft:gravel":3,"minecraft:stone_axe":1,"minecraft:detector_rail":4,"minecraft:cobbled_deepslate":4340,"minecraft:beetroot":1,"minecraft:rotten_flesh":50,"minecraft:oak_planks":4,"minecraft:carrot":38,"minecraft:poppy":3,"minecraft:gunpowder":3,"minecraft:oak_slab":5,"minecraft:wheat_seeds":39,"minecraft:mossy_cobblestone":1,"minecraft:minecart":1,"minecraft:oak_fence":1,"minecraft:feather":1,"minecraft:cobblestone":429,"minecraft:granite":64,"spartanshields:iron_basic_shield":2,"minecraft:grass_block":1,"minecraft:diorite":53,"minecraft:torch":2,"minecraft:rose_bush":7,"minecraft:string":23,"minecraft:smooth_basalt":82,"minecraft:redstone":76,"minecraft:oak_trapdoor":1,"minecraft:cobblestone_wall":1,"minecraft:raw_copper":15,"minecraft:tuff":419,"minecraft:light_gray_wool":1,"minecraft:clay_ball":4,"minecraft:stripped_oak_log":2,"minecraft:pumpkin_seeds":4,"minecraft:andesite":76,"minecraft:oak_sapling":1,"minecraft:spider_eye":3,"minecraft:stone_pickaxe":5,"minecraft:bow":1,"minecraft:wooden_pickaxe":1,"minecraft:raw_gold":7,"minecraft:calcite":1,"minecraft:magma_block":1},"minecraft:crafted":{"minecraft:oak_planks":356,"minecraft:smooth_stone":6,"minecraft:cooked_chicken":5,"minecraft:stone":6,"minecraft:cooked_mutton":22,"spartanshields:iron_basic_shield":1,"minecraft:glass":97,"vanillaplustools:iron_hammer":3,"minecraft:diamond_helmet":1,"minecraft:bow":1,"minecraft:diamond_leggings":1,"minecraft:iron_boots":2,"minecraft:chest":4,"minecraft:rail":64,"minecraft:oak_slab":18,"minecraft:cooked_porkchop":2,"minecraft:diamond_axe":2,"minecraft:crafting_table":6,"minecraft:wooden_pickaxe":1,"minecraft:baked_potato":9,"minecraft:iron_helmet":2,"minecraft:raw_gold_block":14,"minecraft:birch_planks":4,"minecraft:wooden_hoe":1,"minecraft:iron_chestplate":2,"minecraft:charcoal":49,"minecraft:diamond_pickaxe":9,"minecraft:stick":312,"minecraft:iron_ingot":378,"minecraft:iron_pickaxe":28,"minecraft:iron_block":17,"minecraft:stone_sword":1,"spartanshields:wooden_basic_shield":2,"minecraft:redstone_torch":25,"vanillaplustools:diamond_hammer":1,"minecraft:composter":1,"minecraft:oak_door":3,"minecraft:redstone":18,"minecraft:raw_iron":9,"vanillaplustools:stone_hammer":1,"minecraft:furnace":6,"minecraft:blast_furnace":2,"minecraft:bone_meal":33,"spartanshields:diamond_basic_shield":1,"minecraft:oak_trapdoor":4,"minecraft:iron_axe":3,"minecraft:iron_hoe":1,"minecraft:stone_pickaxe":10,"minecraft:diamond_boots":1,"minecraft:redstone_block":70,"minecraft:lead":2,"minecraft:minecart":2,"minecraft:wheat":153,"minecraft:cooked_beef":29,"minecraft:powered_rail":18,"minecraft:activator_rail":18,"minecraft:bucket":2,"minecraft:stone_axe":1,"minecraft:bread":51,"minecraft:air":0,"minecraft:oak_boat":1,"minecraft:iron_shovel":1,"minecraft:iron_leggings":2,"minecraft:anvil":2,"minecraft:white_bed":2,"minecraft:torch":564,"minecraft:diamond_chestplate":1},"minecraft:custom":{"minecraft:animals_bred":1,"minecraft:interact_with_crafting_table":106,"minecraft:bell_ring":2,"minecraft:leave_game":3,"minecraft:time_since_death":102349,"minecraft:sprint_one_cm":804301,"minecraft:damage_blocked_by_shield":3470,"minecraft:drop":240,"minecraft:talked_to_villager":16,"minecraft:play_time":396909,"minecraft:deaths":1,"minecraft:jump":7208,"minecraft:walk_on_water_one_cm":102954,"minecraft:interact_with_furnace":113,"minecraft:sleep_in_bed":8,"minecraft:damage_dealt":27959,"minecraft:crouch_one_cm":19627,"minecraft:interact_with_smoker":11,"minecraft:mob_kills":160,"minecraft:interact_with_anvil":7,"minecraft:climb_one_cm":2255,"minecraft:walk_one_cm":1157206,"minecraft:sneak_time":8970,"minecraft:walk_under_water_one_cm":115360,"minecraft:boat_one_cm":170630,"minecraft:interact_with_blast_furnace":90,"minecraft:total_world_time":396909,"spartanshields:shield_bash_hits":6,"minecraft:time_since_rest":102380,"minecraft:damage_taken":6241,"minecraft:minecart_one_cm":688,"minecraft:swim_one_cm":129033,"minecraft:fly_one_cm":750055,"minecraft:open_chest":36,"minecraft:fall_one_cm":104574}},"DataVersion":2975}