{"stats":{"minecraft:killed":{"minecraft:sheep":2,"minecraft:zombie":5,"minecraft:cow":1},"minecraft:picked_up":{"minecraft:birch_log":1,"minecraft:crafting_table":1,"minecraft:oak_log":12,"minecraft:rotten_flesh":7,"minecraft:beef":2,"minecraft:rose_bush":7,"minecraft:light_gray_wool":1,"minecraft:oak_sapling":1,"minecraft:mutton":3,"minecraft:coal":7,"minecraft:white_wool":1,"minecraft:cobblestone":56},"minecraft:crafted":{"minecraft:oak_planks":48,"vanillaplustools:stone_hammer":1,"minecraft:crafting_table":2,"minecraft:stick":52,"minecraft:wooden_pickaxe":1,"minecraft:stone_pickaxe":10,"minecraft:stone_sword":1,"minecraft:birch_planks":4},"minecraft:mined":{"minecraft:crafting_table":1,"minecraft:grass":1,"minecraft:coal_ore":9,"minecraft:oak_log":12,"minecraft:rose_bush":7,"minecraft:stone":57,"minecraft:oak_leaves":1},"minecraft:custom":{"minecraft:time_since_rest":14047,"minecraft:sprint_one_cm":19672,"minecraft:damage_taken":370,"minecraft:walk_one_cm":49636,"minecraft:mob_kills":8,"minecraft:drop":4,"minecraft:damage_dealt":1378,"minecraft:interact_with_crafting_table":4,"minecraft:swim_one_cm":14332,"minecraft:fly_one_cm":6397,"minecraft:crouch_one_cm":206,"minecraft:play_time":14047,"minecraft:sneak_time":46,"minecraft:walk_under_water_one_cm":5797,"minecraft:jump":116,"minecraft:time_since_death":14047,"minecraft:walk_on_water_one_cm":408,"minecraft:total_world_time":14047,"minecraft:fall_one_cm":1676},"minecraft:used":{"minecraft:stone_sword":35,"minecraft:stone_pickaxe":58,"minecraft:wooden_pickaxe":8,"minecraft:rotten_flesh":5,"minecraft:mutton":3,"minecraft:beef":2,"minecraft:crafting_table":3},"minecraft:dropped":{"minecraft:rose_bush":7,"minecraft:oak_sapling":1,"minecraft:wooden_pickaxe":1,"minecraft:stone_pickaxe":1}},"DataVersion":2975}